step,task_id,phase,source_member_count,site_method,loaded_route_result,nominal_site_fixing_geometry,physical_joint_capacity,tool_delivery_and_worker_access,preceding_to_next_robot_transition,overall_status
1,NF-LB-07,01 · lower bracing,1,GUIDED_DISCRETE_STATE,NOT_APPLICABLE,CHECKED,UNQUALIFIED,UNQUALIFIED,UNQUALIFIED,CONDITIONAL_SIMULATION
2,NF-FB-01,02 · joists and floor panels,1,CHECKED_LOADED_ROBOT_ROUTE,PASS,CHECKED,UNQUALIFIED,UNQUALIFIED,UNQUALIFIED,CONDITIONAL_SIMULATION
3,NF-FB-02,02 · joists and floor panels,1,CHECKED_LOADED_ROBOT_ROUTE,PASS,CHECKED,UNQUALIFIED,UNQUALIFIED,UNQUALIFIED,CONDITIONAL_SIMULATION
4,NF-FJ-01,02 · joists and floor panels,1,CHECKED_LOADED_ROBOT_ROUTE,PASS,CHECKED,UNQUALIFIED,UNQUALIFIED,UNQUALIFIED,CONDITIONAL_SIMULATION
5,NF-FJ-02,02 · joists and floor panels,1,CHECKED_LOADED_ROBOT_ROUTE,PASS,CHECKED,UNQUALIFIED,UNQUALIFIED,UNQUALIFIED,CONDITIONAL_SIMULATION
6,NF-FJ-03,02 · joists and floor panels,1,CHECKED_LOADED_ROBOT_ROUTE,PASS,CHECKED,UNQUALIFIED,UNQUALIFIED,UNQUALIFIED,CONDITIONAL_SIMULATION
7,NF-FJ-04,02 · joists and floor panels,1,CHECKED_LOADED_ROBOT_ROUTE,PASS,CHECKED,UNQUALIFIED,UNQUALIFIED,UNQUALIFIED,CONDITIONAL_SIMULATION
8,NF-FJ-05,02 · joists and floor panels,1,CHECKED_LOADED_ROBOT_ROUTE,PASS,CHECKED,UNQUALIFIED,UNQUALIFIED,UNQUALIFIED,CONDITIONAL_SIMULATION
9,NF-FJ-06,02 · joists and floor panels,1,CHECKED_LOADED_ROBOT_ROUTE,PASS,CHECKED,UNQUALIFIED,UNQUALIFIED,UNQUALIFIED,CONDITIONAL_SIMULATION
10,NF-FJ-07,02 · joists and floor panels,1,CHECKED_LOADED_ROBOT_ROUTE,PASS,CHECKED,UNQUALIFIED,UNQUALIFIED,UNQUALIFIED,CONDITIONAL_SIMULATION
11,DECK-PANEL-01,02 · joists and floor panels,7,CHECKED_LOADED_ROBOT_ROUTE,PASS,CHECKED,UNQUALIFIED,UNQUALIFIED,UNQUALIFIED,CONDITIONAL_SIMULATION
12,DECK-PANEL-02,02 · joists and floor panels,7,CHECKED_LOADED_ROBOT_ROUTE,PASS,CHECKED,UNQUALIFIED,UNQUALIFIED,UNQUALIFIED,CONDITIONAL_SIMULATION
13,NF-FE-01,02 · joists and floor panels,1,CHECKED_LOADED_ROBOT_ROUTE,PASS,CHECKED,UNQUALIFIED,UNQUALIFIED,UNQUALIFIED,CONDITIONAL_SIMULATION
14,NF-FE-02,02 · joists and floor panels,1,CHECKED_LOADED_ROBOT_ROUTE,PASS,CHECKED,UNQUALIFIED,UNQUALIFIED,UNQUALIFIED,CONDITIONAL_SIMULATION
15,UPPER-END-FRAME-WEST,03 · upper frames and braces,8,CHECKED_LOADED_ROBOT_ROUTE,PASS,CHECKED,UNQUALIFIED,UNQUALIFIED,UNQUALIFIED,CONDITIONAL_SIMULATION
16,UPPER-END-EAST-CORE,03 · upper frames and braces,1,CHECKED_LOADED_ROBOT_ROUTE,PASS,CHECKED,UNQUALIFIED,UNQUALIFIED,UNQUALIFIED,CONDITIONAL_SIMULATION
17,UPPER-END-EAST-SOUTH,03 · upper frames and braces,3,CHECKED_LOADED_ROBOT_ROUTE,PASS,CHECKED,UNQUALIFIED,UNQUALIFIED,UNQUALIFIED,CONDITIONAL_SIMULATION
18,UPPER-END-EAST-NORTH,03 · upper frames and braces,3,CHECKED_LOADED_ROBOT_ROUTE,PASS,CHECKED,UNQUALIFIED,UNQUALIFIED,UNQUALIFIED,CONDITIONAL_SIMULATION
19,UPPER-END-EAST-CAP,03 · upper frames and braces,1,CHECKED_LOADED_ROBOT_ROUTE,PASS,CHECKED,UNQUALIFIED,UNQUALIFIED,UNQUALIFIED,CONDITIONAL_SIMULATION
20,NF-UB-01,03 · upper frames and braces,1,CHECKED_LOADED_ROBOT_ROUTE,PASS,CHECKED,UNQUALIFIED,UNQUALIFIED,UNQUALIFIED,CONDITIONAL_SIMULATION
21,NF-UB-02,03 · upper frames and braces,1,CHECKED_LOADED_ROBOT_ROUTE,PASS,CHECKED,UNQUALIFIED,UNQUALIFIED,UNQUALIFIED,CONDITIONAL_SIMULATION
22,NF-UB-03,03 · upper frames and braces,1,GUIDED_DISCRETE_STATE,NOT_APPLICABLE,CHECKED,UNQUALIFIED,UNQUALIFIED,UNQUALIFIED,CONDITIONAL_SIMULATION
23,NF-UB-04,03 · upper frames and braces,1,GUIDED_DISCRETE_STATE,NOT_APPLICABLE,CHECKED,UNQUALIFIED,UNQUALIFIED,UNQUALIFIED,CONDITIONAL_SIMULATION
24,NF-PURLIN-01,04 · purlins,1,GUIDED_DISCRETE_STATE,NOT_APPLICABLE,CHECKED,UNQUALIFIED,UNQUALIFIED,UNQUALIFIED,CONDITIONAL_SIMULATION
25,NF-PURLIN-02,04 · purlins,1,GUIDED_DISCRETE_STATE,NOT_APPLICABLE,CHECKED,UNQUALIFIED,UNQUALIFIED,UNQUALIFIED,CONDITIONAL_SIMULATION
26,NF-PURLIN-03,04 · purlins,1,CHECKED_LOADED_ROBOT_ROUTE,PASS,CHECKED,UNQUALIFIED,UNQUALIFIED,UNQUALIFIED,CONDITIONAL_SIMULATION
27,ROOF-RAFTER-PAIR-01,05 · planar rafter pairs,2,CHECKED_LOADED_ROBOT_ROUTE,PASS,CHECKED,UNQUALIFIED,UNQUALIFIED,UNQUALIFIED,CONDITIONAL_SIMULATION
28,ROOF-RAFTER-PAIR-02,05 · planar rafter pairs,2,CHECKED_LOADED_ROBOT_ROUTE,PASS,CHECKED,UNQUALIFIED,UNQUALIFIED,UNQUALIFIED,CONDITIONAL_SIMULATION
29,ROOF-RAFTER-PAIR-03,05 · planar rafter pairs,2,CHECKED_LOADED_ROBOT_ROUTE,PASS,CHECKED,UNQUALIFIED,UNQUALIFIED,UNQUALIFIED,CONDITIONAL_SIMULATION
30,ROOF-RAFTER-PAIR-04,05 · planar rafter pairs,2,CHECKED_LOADED_ROBOT_ROUTE,PASS,CHECKED,UNQUALIFIED,UNQUALIFIED,UNQUALIFIED,CONDITIONAL_SIMULATION
31,ROOF-RAFTER-PAIR-05,05 · planar rafter pairs,2,CHECKED_LOADED_ROBOT_ROUTE,PASS,CHECKED,UNQUALIFIED,UNQUALIFIED,UNQUALIFIED,CONDITIONAL_SIMULATION
32,ROOF-RAFTER-PAIR-06,05 · planar rafter pairs,2,CHECKED_LOADED_ROBOT_ROUTE,PASS,CHECKED,UNQUALIFIED,UNQUALIFIED,UNQUALIFIED,CONDITIONAL_SIMULATION
33,ROOF-RAFTER-PAIR-07,05 · planar rafter pairs,2,CHECKED_LOADED_ROBOT_ROUTE,PASS,CHECKED,UNQUALIFIED,UNQUALIFIED,UNQUALIFIED,CONDITIONAL_SIMULATION
34,ROOF-RAFTER-PAIR-08,05 · planar rafter pairs,2,CHECKED_LOADED_ROBOT_ROUTE,PASS,CHECKED,UNQUALIFIED,UNQUALIFIED,UNQUALIFIED,CONDITIONAL_SIMULATION
35,ROOF-RAFTER-PAIR-09,05 · planar rafter pairs,2,CHECKED_LOADED_ROBOT_ROUTE,PASS,CHECKED,UNQUALIFIED,UNQUALIFIED,UNQUALIFIED,CONDITIONAL_SIMULATION
36,ROOF-RAFTER-PAIR-10,05 · planar rafter pairs,2,CHECKED_LOADED_ROBOT_ROUTE,PASS,CHECKED,UNQUALIFIED,UNQUALIFIED,UNQUALIFIED,CONDITIONAL_SIMULATION
37,ROOF-SKIN-01-SOUTH-FULL,06 · roof skin panels,6,GUIDED_DISCRETE_STATE,NOT_APPLICABLE,CHECKED,UNQUALIFIED,UNQUALIFIED,UNQUALIFIED,CONDITIONAL_SIMULATION
38,ROOF-SKIN-01-NORTH-FULL,06 · roof skin panels,6,GUIDED_DISCRETE_STATE,NOT_APPLICABLE,CHECKED,UNQUALIFIED,UNQUALIFIED,UNQUALIFIED,CONDITIONAL_SIMULATION
39,ROOF-SKIN-02-SOUTH-WEST,06 · roof skin panels,6,GUIDED_DISCRETE_STATE,NOT_APPLICABLE,CHECKED,UNQUALIFIED,UNQUALIFIED,UNQUALIFIED,CONDITIONAL_SIMULATION
40,ROOF-SKIN-02-SOUTH-EAST,06 · roof skin panels,7,GUIDED_DISCRETE_STATE,NOT_APPLICABLE,CHECKED,UNQUALIFIED,UNQUALIFIED,UNQUALIFIED,CONDITIONAL_SIMULATION
41,ROOF-SKIN-02-NORTH-WEST,06 · roof skin panels,7,GUIDED_DISCRETE_STATE,NOT_APPLICABLE,CHECKED,UNQUALIFIED,UNQUALIFIED,UNQUALIFIED,CONDITIONAL_SIMULATION
42,ROOF-SKIN-02-NORTH-EAST,06 · roof skin panels,7,GUIDED_DISCRETE_STATE,NOT_APPLICABLE,CHECKED,UNQUALIFIED,UNQUALIFIED,UNQUALIFIED,CONDITIONAL_SIMULATION
43,ROOF-SKIN-03-SOUTH-WEST,06 · roof skin panels,6,GUIDED_DISCRETE_STATE,NOT_APPLICABLE,CHECKED,UNQUALIFIED,UNQUALIFIED,UNQUALIFIED,CONDITIONAL_SIMULATION
44,ROOF-SKIN-03-SOUTH-EAST,06 · roof skin panels,6,GUIDED_DISCRETE_STATE,NOT_APPLICABLE,CHECKED,UNQUALIFIED,UNQUALIFIED,UNQUALIFIED,CONDITIONAL_SIMULATION
45,ROOF-SKIN-03-NORTH-WEST,06 · roof skin panels,6,GUIDED_DISCRETE_STATE,NOT_APPLICABLE,CHECKED,UNQUALIFIED,UNQUALIFIED,UNQUALIFIED,CONDITIONAL_SIMULATION
46,ROOF-SKIN-03-NORTH-EAST,06 · roof skin panels,7,GUIDED_DISCRETE_STATE,NOT_APPLICABLE,CHECKED,UNQUALIFIED,UNQUALIFIED,UNQUALIFIED,CONDITIONAL_SIMULATION
47,ROOF-SKIN-04-SOUTH-WEST,06 · roof skin panels,7,GUIDED_DISCRETE_STATE,NOT_APPLICABLE,CHECKED,UNQUALIFIED,UNQUALIFIED,UNQUALIFIED,CONDITIONAL_SIMULATION
48,ROOF-SKIN-04-SOUTH-EAST,06 · roof skin panels,6,GUIDED_DISCRETE_STATE,NOT_APPLICABLE,CHECKED,UNQUALIFIED,UNQUALIFIED,UNQUALIFIED,CONDITIONAL_SIMULATION
49,ROOF-SKIN-04-NORTH-WEST,06 · roof skin panels,6,GUIDED_DISCRETE_STATE,NOT_APPLICABLE,CHECKED,UNQUALIFIED,UNQUALIFIED,UNQUALIFIED,CONDITIONAL_SIMULATION
50,ROOF-SKIN-04-NORTH-EAST,06 · roof skin panels,6,GUIDED_DISCRETE_STATE,NOT_APPLICABLE,CHECKED,UNQUALIFIED,UNQUALIFIED,UNQUALIFIED,CONDITIONAL_SIMULATION
51,ROOF-SKIN-05-SOUTH-WEST,06 · roof skin panels,7,GUIDED_DISCRETE_STATE,NOT_APPLICABLE,CHECKED,UNQUALIFIED,UNQUALIFIED,UNQUALIFIED,CONDITIONAL_SIMULATION
52,ROOF-SKIN-05-SOUTH-EAST,06 · roof skin panels,7,GUIDED_DISCRETE_STATE,NOT_APPLICABLE,CHECKED,UNQUALIFIED,UNQUALIFIED,UNQUALIFIED,CONDITIONAL_SIMULATION
53,ROOF-SKIN-05-NORTH-WEST,06 · roof skin panels,7,GUIDED_DISCRETE_STATE,NOT_APPLICABLE,CHECKED,UNQUALIFIED,UNQUALIFIED,UNQUALIFIED,CONDITIONAL_SIMULATION
54,ROOF-SKIN-05-NORTH-EAST,06 · roof skin panels,6,GUIDED_DISCRETE_STATE,NOT_APPLICABLE,CHECKED,UNQUALIFIED,UNQUALIFIED,UNQUALIFIED,CONDITIONAL_SIMULATION
55,ROOF-SKIN-06-SOUTH-FULL,06 · roof skin panels,6,GUIDED_DISCRETE_STATE,NOT_APPLICABLE,CHECKED,UNQUALIFIED,UNQUALIFIED,UNQUALIFIED,CONDITIONAL_SIMULATION
56,ROOF-SKIN-06-NORTH-FULL,06 · roof skin panels,6,GUIDED_DISCRETE_STATE,NOT_APPLICABLE,CHECKED,UNQUALIFIED,UNQUALIFIED,UNQUALIFIED,CONDITIONAL_SIMULATION
57,ROOF-RIDGE-CAP-01,07 · ridge closures,2,GUIDED_DISCRETE_STATE,NOT_APPLICABLE,CHECKED,UNQUALIFIED,UNQUALIFIED,UNQUALIFIED,CONDITIONAL_SIMULATION
58,ROOF-RIDGE-CAP-02,07 · ridge closures,4,GUIDED_DISCRETE_STATE,NOT_APPLICABLE,CHECKED,UNQUALIFIED,UNQUALIFIED,UNQUALIFIED,CONDITIONAL_SIMULATION
59,ROOF-RIDGE-CAP-03,07 · ridge closures,3,GUIDED_DISCRETE_STATE,NOT_APPLICABLE,CHECKED,UNQUALIFIED,UNQUALIFIED,UNQUALIFIED,CONDITIONAL_SIMULATION
60,ROOF-RIDGE-CAP-04,07 · ridge closures,3,GUIDED_DISCRETE_STATE,NOT_APPLICABLE,CHECKED,UNQUALIFIED,UNQUALIFIED,UNQUALIFIED,CONDITIONAL_SIMULATION
61,ROOF-RIDGE-CAP-05,07 · ridge closures,4,GUIDED_DISCRETE_STATE,NOT_APPLICABLE,CHECKED,UNQUALIFIED,UNQUALIFIED,UNQUALIFIED,CONDITIONAL_SIMULATION
62,ROOF-RIDGE-CAP-06,07 · ridge closures,2,GUIDED_DISCRETE_STATE,NOT_APPLICABLE,CHECKED,UNQUALIFIED,UNQUALIFIED,UNQUALIFIED,CONDITIONAL_SIMULATION
63,CLAD-GUIDED-EAST-01,08 · cladding strips,3,GUIDED_DISCRETE_STATE,NOT_APPLICABLE,CHECKED,UNQUALIFIED,UNQUALIFIED,UNQUALIFIED,CONDITIONAL_SIMULATION
64,CLAD-GUIDED-EAST-02,08 · cladding strips,3,GUIDED_DISCRETE_STATE,NOT_APPLICABLE,CHECKED,UNQUALIFIED,UNQUALIFIED,UNQUALIFIED,CONDITIONAL_SIMULATION
65,CLAD-GUIDED-EAST-03,08 · cladding strips,3,GUIDED_DISCRETE_STATE,NOT_APPLICABLE,CHECKED,UNQUALIFIED,UNQUALIFIED,UNQUALIFIED,CONDITIONAL_SIMULATION
66,CLAD-GUIDED-EAST-04,08 · cladding strips,3,GUIDED_DISCRETE_STATE,NOT_APPLICABLE,CHECKED,UNQUALIFIED,UNQUALIFIED,UNQUALIFIED,CONDITIONAL_SIMULATION
67,CLAD-GUIDED-EAST-05,08 · cladding strips,2,GUIDED_DISCRETE_STATE,NOT_APPLICABLE,CHECKED,UNQUALIFIED,UNQUALIFIED,UNQUALIFIED,CONDITIONAL_SIMULATION
68,CLAD-GUIDED-SOUTH-01,08 · cladding strips,3,GUIDED_DISCRETE_STATE,NOT_APPLICABLE,CHECKED,UNQUALIFIED,UNQUALIFIED,UNQUALIFIED,CONDITIONAL_SIMULATION
69,CLAD-GUIDED-SOUTH-02,08 · cladding strips,3,GUIDED_DISCRETE_STATE,NOT_APPLICABLE,CHECKED,UNQUALIFIED,UNQUALIFIED,UNQUALIFIED,CONDITIONAL_SIMULATION
70,CLAD-GUIDED-SOUTH-03,08 · cladding strips,3,GUIDED_DISCRETE_STATE,NOT_APPLICABLE,CHECKED,UNQUALIFIED,UNQUALIFIED,UNQUALIFIED,CONDITIONAL_SIMULATION
71,CLAD-GUIDED-SOUTH-04,08 · cladding strips,3,GUIDED_DISCRETE_STATE,NOT_APPLICABLE,CHECKED,UNQUALIFIED,UNQUALIFIED,UNQUALIFIED,CONDITIONAL_SIMULATION
72,CLAD-GUIDED-SOUTH-05,08 · cladding strips,2,GUIDED_DISCRETE_STATE,NOT_APPLICABLE,CHECKED,UNQUALIFIED,UNQUALIFIED,UNQUALIFIED,CONDITIONAL_SIMULATION
73,CLAD-GUIDED-NORTH-01,08 · cladding strips,3,GUIDED_DISCRETE_STATE,NOT_APPLICABLE,CHECKED,UNQUALIFIED,UNQUALIFIED,UNQUALIFIED,CONDITIONAL_SIMULATION
74,CLAD-GUIDED-NORTH-02,08 · cladding strips,3,GUIDED_DISCRETE_STATE,NOT_APPLICABLE,CHECKED,UNQUALIFIED,UNQUALIFIED,UNQUALIFIED,CONDITIONAL_SIMULATION
75,CLAD-GUIDED-NORTH-03,08 · cladding strips,2,GUIDED_DISCRETE_STATE,NOT_APPLICABLE,CHECKED,UNQUALIFIED,UNQUALIFIED,UNQUALIFIED,CONDITIONAL_SIMULATION
76,CLAD-GUIDED-WEST-01,08 · cladding strips,3,GUIDED_DISCRETE_STATE,NOT_APPLICABLE,CHECKED,UNQUALIFIED,UNQUALIFIED,UNQUALIFIED,CONDITIONAL_SIMULATION
77,CLAD-GUIDED-WEST-02,08 · cladding strips,3,GUIDED_DISCRETE_STATE,NOT_APPLICABLE,CHECKED,UNQUALIFIED,UNQUALIFIED,UNQUALIFIED,CONDITIONAL_SIMULATION
78,CLAD-GUIDED-WEST-03,08 · cladding strips,3,GUIDED_DISCRETE_STATE,NOT_APPLICABLE,CHECKED,UNQUALIFIED,UNQUALIFIED,UNQUALIFIED,CONDITIONAL_SIMULATION
79,CLAD-GUIDED-WEST-04,08 · cladding strips,3,GUIDED_DISCRETE_STATE,NOT_APPLICABLE,CHECKED,UNQUALIFIED,UNQUALIFIED,UNQUALIFIED,CONDITIONAL_SIMULATION
80,CLAD-GUIDED-WEST-05,08 · cladding strips,2,GUIDED_DISCRETE_STATE,NOT_APPLICABLE,CHECKED,UNQUALIFIED,UNQUALIFIED,UNQUALIFIED,CONDITIONAL_SIMULATION
