Placement,Task ID,Phase,Method evidence,Placed solid IDs,Source members completed here,Source members complete after placement,Motion and verification scope
1,NF-BASE-04,accepted early branch,EARLIER_CHECKED_ROBOT_TASK,NF-BASE-04,NF-BASE-04,1,condensed archived A/B robot trace; nominal fastening and release only
2,NF-BASE-01,accepted early branch,EARLIER_CHECKED_ROBOT_TASK,NF-BASE-01,NF-BASE-01,2,condensed archived A/B robot trace; nominal fastening and release only
3,NF-BASE-02,accepted early branch,EARLIER_CHECKED_ROBOT_TASK,NF-BASE-02,NF-BASE-02,3,condensed archived A/B robot trace; nominal fastening and release only
4,NF-BASE-03,accepted early branch,EARLIER_CHECKED_ROBOT_TASK,NF-BASE-03,NF-BASE-03,4,condensed archived A/B robot trace; nominal fastening and release only
5,NF-LS-01,accepted early branch,EARLIER_CHECKED_ROBOT_TASK,NF-LS-01,NF-LS-01,5,condensed archived A/B robot trace; nominal fastening and release only
6,NF-LS-02,accepted early branch,EARLIER_CHECKED_ROBOT_TASK,NF-LS-02,NF-LS-02,6,condensed archived A/B robot trace; nominal fastening and release only
7,NF-LP-03,accepted early branch,EARLIER_CHECKED_ROBOT_TASK,NF-LP-03,NF-LP-03,7,condensed archived A/B robot trace; nominal fastening and release only
8,NF-LB-02,accepted early branch,EARLIER_CHECKED_ROBOT_TASK,NF-LB-02,NF-LB-02,8,condensed archived A/B robot trace; nominal fastening and release only
9,NF-LP-04,accepted early branch,EARLIER_CHECKED_ROBOT_TASK,NF-LP-04,NF-LP-04,9,condensed archived A/B robot trace; nominal fastening and release only
10,NF-LP-02,accepted early branch,EARLIER_CHECKED_ROBOT_TASK,NF-LP-02,NF-LP-02,10,condensed archived A/B robot trace; nominal fastening and release only
11,NF-LP-01,accepted early branch,EARLIER_CHECKED_ROBOT_TASK,NF-LP-01,NF-LP-01,11,condensed archived A/B robot trace; nominal fastening and release only
12,NF-LS-04,accepted early branch,EARLIER_CHECKED_ROBOT_TASK,NF-LS-04,NF-LS-04,12,condensed archived A/B robot trace; nominal fastening and release only
13,NF-LS-03,accepted early branch,EARLIER_CHECKED_ROBOT_TASK,NF-LS-03,NF-LS-03,13,condensed archived A/B robot trace; nominal fastening and release only
14,NF-LB-01,accepted early branch,EARLIER_CHECKED_ROBOT_TASK,NF-LB-01,NF-LB-01,14,condensed archived A/B robot trace; nominal fastening and release only
15,NF-LB-05,accepted early branch,EARLIER_CHECKED_ROBOT_TASK,NF-LB-05,NF-LB-05,15,condensed archived A/B robot trace; nominal fastening and release only
16,NF-LB-06,accepted early branch,EARLIER_CHECKED_ROBOT_TASK,NF-LB-06,NF-LB-06,16,condensed archived A/B robot trace; nominal fastening and release only
17,NF-LB-03,accepted early branch,EARLIER_CHECKED_ROBOT_TASK,NF-LB-03,NF-LB-03,17,condensed archived A/B robot trace; nominal fastening and release only
18,NF-LB-04,accepted early branch,EARLIER_CHECKED_ROBOT_TASK,NF-LB-04,NF-LB-04,18,condensed archived A/B robot trace; nominal fastening and release only
19,NF-LB-07,01 · lower bracing,ILLUSTRATIVE_GUIDED_PLACEMENT,NF-LB-07,NF-LB-07,19,installation order and final geometry checked; approach motion is illustrative and not collision verified
20,NF-FB-01,02 · joists and floor panels,CHECKED_LOADED_ROBOT_ROUTE,NF-FB-01,NF-FB-01,20,"pickup contact, extraction, loaded route, landing and withdrawal sampled from computed records; inter-task transition and tool change unqualified"
21,NF-FB-02,02 · joists and floor panels,CHECKED_LOADED_ROBOT_ROUTE,NF-FB-02,NF-FB-02,21,"pickup contact, extraction, loaded route, landing and withdrawal sampled from computed records; inter-task transition and tool change unqualified"
22,NF-FJ-01,02 · joists and floor panels,CHECKED_LOADED_ROBOT_ROUTE,NF-FJ-01,NF-FJ-01,22,"pickup contact, extraction, loaded route, landing and withdrawal sampled from computed records; inter-task transition and tool change unqualified"
23,NF-FJ-02,02 · joists and floor panels,CHECKED_LOADED_ROBOT_ROUTE,NF-FJ-02,NF-FJ-02,23,"pickup contact, extraction, loaded route, landing and withdrawal sampled from computed records; inter-task transition and tool change unqualified"
24,NF-FJ-03,02 · joists and floor panels,CHECKED_LOADED_ROBOT_ROUTE,NF-FJ-03,NF-FJ-03,24,"pickup contact, extraction, loaded route, landing and withdrawal sampled from computed records; inter-task transition and tool change unqualified"
25,NF-FJ-04,02 · joists and floor panels,CHECKED_LOADED_ROBOT_ROUTE,NF-FJ-04,NF-FJ-04,25,"pickup contact, extraction, loaded route, landing and withdrawal sampled from computed records; inter-task transition and tool change unqualified"
26,NF-FJ-05,02 · joists and floor panels,CHECKED_LOADED_ROBOT_ROUTE,NF-FJ-05,NF-FJ-05,26,"pickup contact, extraction, loaded route, landing and withdrawal sampled from computed records; inter-task transition and tool change unqualified"
27,NF-FJ-06,02 · joists and floor panels,CHECKED_LOADED_ROBOT_ROUTE,NF-FJ-06,NF-FJ-06,27,"pickup contact, extraction, loaded route, landing and withdrawal sampled from computed records; inter-task transition and tool change unqualified"
28,NF-FJ-07,02 · joists and floor panels,CHECKED_LOADED_ROBOT_ROUTE,NF-FJ-07,NF-FJ-07,28,"pickup contact, extraction, loaded route, landing and withdrawal sampled from computed records; inter-task transition and tool change unqualified"
29,DECK-PANEL-01,02 · joists and floor panels,CHECKED_LOADED_ROBOT_ROUTE,NF-DECK-01; NF-DECK-02; NF-DECK-03; NF-DECK-04; NF-DECK-05; NF-DECK-06; NF-DECK-07; DECK-PANEL-01__CLEAT-1; DECK-PANEL-01__CLEAT-2,NF-DECK-01; NF-DECK-02; NF-DECK-03; NF-DECK-04; NF-DECK-05; NF-DECK-06; NF-DECK-07,35,"pickup contact, extraction, loaded route, landing and withdrawal sampled from computed records; inter-task transition and tool change unqualified"
30,DECK-PANEL-02,02 · joists and floor panels,CHECKED_LOADED_ROBOT_ROUTE,NF-DECK-08; NF-DECK-09; NF-DECK-10; NF-DECK-11; NF-DECK-12; NF-DECK-13; NF-DECK-14; DECK-PANEL-02__CLEAT-1; DECK-PANEL-02__CLEAT-2,NF-DECK-08; NF-DECK-09; NF-DECK-10; NF-DECK-11; NF-DECK-12; NF-DECK-13; NF-DECK-14,42,"pickup contact, extraction, loaded route, landing and withdrawal sampled from computed records; inter-task transition and tool change unqualified"
31,NF-FE-01,02 · joists and floor panels,CHECKED_LOADED_ROBOT_ROUTE,NF-FE-01,NF-FE-01,43,"pickup contact, extraction, loaded route, landing and withdrawal sampled from computed records; inter-task transition and tool change unqualified"
32,NF-FE-02,02 · joists and floor panels,CHECKED_LOADED_ROBOT_ROUTE,NF-FE-02,NF-FE-02,44,"pickup contact, extraction, loaded route, landing and withdrawal sampled from computed records; inter-task transition and tool change unqualified"
33,UPPER-END-FRAME-WEST,03 · upper frames and braces,CHECKED_LOADED_ROBOT_ROUTE,NF-UP-01; NF-UP-05; NF-UP-06; NF-RAIL-03; NF-RAIL-04; NF-UB-07; NF-UB-08; NF-PLATE-01,NF-PLATE-01; NF-RAIL-03; NF-RAIL-04; NF-UB-07; NF-UB-08; NF-UP-01; NF-UP-05; NF-UP-06,52,"pickup contact, extraction, loaded route, landing and withdrawal sampled from computed records; inter-task transition and tool change unqualified"
34,UPPER-END-EAST-CORE,03 · upper frames and braces,CHECKED_LOADED_ROBOT_ROUTE,NF-UP-02; NF-UP-02__INBOARD-STEEL-POST-ANGLE,NF-UP-02,53,"pickup contact, extraction, loaded route, landing and withdrawal sampled from computed records; inter-task transition and tool change unqualified"
35,UPPER-END-EAST-SOUTH,03 · upper frames and braces,CHECKED_LOADED_ROBOT_ROUTE,NF-UP-04; NF-RAIL-02; NF-UB-05,NF-RAIL-02; NF-UB-05; NF-UP-04,56,"pickup contact, extraction, loaded route, landing and withdrawal sampled from computed records; inter-task transition and tool change unqualified"
36,UPPER-END-EAST-NORTH,03 · upper frames and braces,CHECKED_LOADED_ROBOT_ROUTE,NF-UP-03; NF-RAIL-01; NF-UB-06,NF-RAIL-01; NF-UB-06; NF-UP-03,59,"pickup contact, extraction, loaded route, landing and withdrawal sampled from computed records; inter-task transition and tool change unqualified"
37,UPPER-END-EAST-CAP,03 · upper frames and braces,CHECKED_LOADED_ROBOT_ROUTE,NF-PLATE-02,NF-PLATE-02,60,"pickup contact, extraction, loaded route, landing and withdrawal sampled from computed records; inter-task transition and tool change unqualified"
38,NF-UB-01,03 · upper frames and braces,CHECKED_LOADED_ROBOT_ROUTE,NF-UB-01,NF-UB-01,61,"pickup contact, extraction, loaded route, landing and withdrawal sampled from computed records; inter-task transition and tool change unqualified"
39,NF-UB-02,03 · upper frames and braces,CHECKED_LOADED_ROBOT_ROUTE,NF-UB-02,NF-UB-02,62,"pickup contact, extraction, loaded route, landing and withdrawal sampled from computed records; inter-task transition and tool change unqualified"
40,NF-UB-03,03 · upper frames and braces,ILLUSTRATIVE_GUIDED_PLACEMENT,NF-UB-03,NF-UB-03,63,installation order and final geometry checked; approach motion is illustrative and not collision verified
41,NF-UB-04,03 · upper frames and braces,ILLUSTRATIVE_GUIDED_PLACEMENT,NF-UB-04,NF-UB-04,64,installation order and final geometry checked; approach motion is illustrative and not collision verified
42,NF-PURLIN-01,04 · purlins,ILLUSTRATIVE_GUIDED_PLACEMENT,NF-PURLIN-01,NF-PURLIN-01,65,installation order and final geometry checked; approach motion is illustrative and not collision verified
43,NF-PURLIN-02,04 · purlins,ILLUSTRATIVE_GUIDED_PLACEMENT,NF-PURLIN-02,NF-PURLIN-02,66,installation order and final geometry checked; approach motion is illustrative and not collision verified
44,NF-PURLIN-03,04 · purlins,CHECKED_LOADED_ROBOT_ROUTE,NF-PURLIN-03,NF-PURLIN-03,67,"pickup contact, extraction, loaded route, landing and withdrawal sampled from computed records; inter-task transition and tool change unqualified"
45,ROOF-RAFTER-PAIR-01,05 · planar rafter pairs,CHECKED_LOADED_ROBOT_ROUTE,NF-RAF-01; NF-RAF-11,NF-RAF-01; NF-RAF-11,69,"pickup contact, extraction, loaded route, landing and withdrawal sampled from computed records; inter-task transition and tool change unqualified"
46,ROOF-RAFTER-PAIR-02,05 · planar rafter pairs,CHECKED_LOADED_ROBOT_ROUTE,NF-RAF-02; NF-RAF-12,NF-RAF-02; NF-RAF-12,71,"pickup contact, extraction, loaded route, landing and withdrawal sampled from computed records; inter-task transition and tool change unqualified"
47,ROOF-RAFTER-PAIR-03,05 · planar rafter pairs,CHECKED_LOADED_ROBOT_ROUTE,NF-RAF-03; NF-RAF-13,NF-RAF-03; NF-RAF-13,73,"pickup contact, extraction, loaded route, landing and withdrawal sampled from computed records; inter-task transition and tool change unqualified"
48,ROOF-RAFTER-PAIR-04,05 · planar rafter pairs,CHECKED_LOADED_ROBOT_ROUTE,NF-RAF-04; NF-RAF-14,NF-RAF-04; NF-RAF-14,75,"pickup contact, extraction, loaded route, landing and withdrawal sampled from computed records; inter-task transition and tool change unqualified"
49,ROOF-RAFTER-PAIR-05,05 · planar rafter pairs,CHECKED_LOADED_ROBOT_ROUTE,NF-RAF-05; NF-RAF-15,NF-RAF-05; NF-RAF-15,77,"pickup contact, extraction, loaded route, landing and withdrawal sampled from computed records; inter-task transition and tool change unqualified"
50,ROOF-RAFTER-PAIR-06,05 · planar rafter pairs,CHECKED_LOADED_ROBOT_ROUTE,NF-RAF-06; NF-RAF-16,NF-RAF-06; NF-RAF-16,79,"pickup contact, extraction, loaded route, landing and withdrawal sampled from computed records; inter-task transition and tool change unqualified"
51,ROOF-RAFTER-PAIR-07,05 · planar rafter pairs,CHECKED_LOADED_ROBOT_ROUTE,NF-RAF-07; NF-RAF-17,NF-RAF-07; NF-RAF-17,81,"pickup contact, extraction, loaded route, landing and withdrawal sampled from computed records; inter-task transition and tool change unqualified"
52,ROOF-RAFTER-PAIR-08,05 · planar rafter pairs,CHECKED_LOADED_ROBOT_ROUTE,NF-RAF-08; NF-RAF-18,NF-RAF-08; NF-RAF-18,83,"pickup contact, extraction, loaded route, landing and withdrawal sampled from computed records; inter-task transition and tool change unqualified"
53,ROOF-RAFTER-PAIR-09,05 · planar rafter pairs,CHECKED_LOADED_ROBOT_ROUTE,NF-RAF-09; NF-RAF-19,NF-RAF-09; NF-RAF-19,85,"pickup contact, extraction, loaded route, landing and withdrawal sampled from computed records; inter-task transition and tool change unqualified"
54,ROOF-RAFTER-PAIR-10,05 · planar rafter pairs,CHECKED_LOADED_ROBOT_ROUTE,NF-RAF-10; NF-RAF-20,NF-RAF-10; NF-RAF-20,87,"pickup contact, extraction, loaded route, landing and withdrawal sampled from computed records; inter-task transition and tool change unqualified"
55,ROOF-SKIN-01-SOUTH-FULL,06 · roof skin panels,CHECKED_GUIDED_ROOF_SLIDE,NF-BATTEN-01__GABLE_01__PANEL_ROOF-SKIN-01-SOUTH-FULL; NF-BATTEN-02__GABLE_01__PANEL_ROOF-SKIN-01-SOUTH-FULL; NF-BATTEN-03__GABLE_01__PANEL_ROOF-SKIN-01-SOUTH-FULL; NF-BATTEN-04__GABLE_01__PANEL_ROOF-SKIN-01-SOUTH-FULL; NF-BATTEN-05__GABLE_01__PANEL_ROOF-SKIN-01-SOUTH-FULL; NF-COVER-08__GABLE_01__SLOPE_CUT,,87,straight source-solid-checked panel slide; worker access and handling unqualified
56,ROOF-SKIN-01-NORTH-FULL,06 · roof skin panels,CHECKED_GUIDED_ROOF_SLIDE,NF-BATTEN-06__GABLE_01__PANEL_ROOF-SKIN-01-NORTH-FULL; NF-BATTEN-07__GABLE_01__PANEL_ROOF-SKIN-01-NORTH-FULL; NF-BATTEN-08__GABLE_01__PANEL_ROOF-SKIN-01-NORTH-FULL; NF-BATTEN-09__GABLE_01__PANEL_ROOF-SKIN-01-NORTH-FULL; NF-BATTEN-10__GABLE_01__PANEL_ROOF-SKIN-01-NORTH-FULL; NF-COVER-01__GABLE_01__SLOPE_CUT,,87,straight source-solid-checked panel slide; worker access and handling unqualified
57,ROOF-SKIN-02-SOUTH-WEST,06 · roof skin panels,CHECKED_GUIDED_ROOF_SLIDE,NF-BATTEN-01__GABLE_02__PANEL_ROOF-SKIN-02-SOUTH-WEST; NF-BATTEN-02__GABLE_02__PANEL_ROOF-SKIN-02-SOUTH-WEST; NF-BATTEN-03__GABLE_02__PANEL_ROOF-SKIN-02-SOUTH-WEST; NF-BATTEN-04__GABLE_02__PANEL_ROOF-SKIN-02-SOUTH-WEST; NF-BATTEN-05__GABLE_02__PANEL_ROOF-SKIN-02-SOUTH-WEST; NF-COVER-08__GABLE_02__ROOF_SKIN_SOUTH_WEST__SLOPE_CUT,,87,straight source-solid-checked panel slide; worker access and handling unqualified
58,ROOF-SKIN-02-SOUTH-EAST,06 · roof skin panels,CHECKED_GUIDED_ROOF_SLIDE,NF-BATTEN-01__GABLE_02__PANEL_ROOF-SKIN-02-SOUTH-EAST; NF-BATTEN-02__GABLE_02__PANEL_ROOF-SKIN-02-SOUTH-EAST; NF-BATTEN-03__GABLE_02__PANEL_ROOF-SKIN-02-SOUTH-EAST; NF-BATTEN-04__GABLE_02__PANEL_ROOF-SKIN-02-SOUTH-EAST; NF-BATTEN-05__GABLE_02__PANEL_ROOF-SKIN-02-SOUTH-EAST; NF-COVER-07__GABLE_02__ROOF_SKIN_SOUTH_EAST__SLOPE_CUT; NF-COVER-08__GABLE_02__ROOF_SKIN_SOUTH_EAST__SLOPE_CUT,,87,straight source-solid-checked panel slide; worker access and handling unqualified
59,ROOF-SKIN-02-NORTH-WEST,06 · roof skin panels,CHECKED_GUIDED_ROOF_SLIDE,NF-BATTEN-06__GABLE_02__PANEL_ROOF-SKIN-02-NORTH-WEST; NF-BATTEN-07__GABLE_02__PANEL_ROOF-SKIN-02-NORTH-WEST; NF-BATTEN-08__GABLE_02__PANEL_ROOF-SKIN-02-NORTH-WEST; NF-BATTEN-09__GABLE_02__PANEL_ROOF-SKIN-02-NORTH-WEST; NF-BATTEN-10__GABLE_02__PANEL_ROOF-SKIN-02-NORTH-WEST; NF-COVER-01__GABLE_02__ROOF_SKIN_NORTH_WEST__SLOPE_CUT; NF-COVER-02__GABLE_02__ROOF_SKIN_NORTH_WEST__SLOPE_CUT,,87,straight source-solid-checked panel slide; worker access and handling unqualified
60,ROOF-SKIN-02-NORTH-EAST,06 · roof skin panels,CHECKED_GUIDED_ROOF_SLIDE,NF-BATTEN-06__GABLE_02__PANEL_ROOF-SKIN-02-NORTH-EAST; NF-BATTEN-07__GABLE_02__PANEL_ROOF-SKIN-02-NORTH-EAST; NF-BATTEN-08__GABLE_02__PANEL_ROOF-SKIN-02-NORTH-EAST; NF-BATTEN-09__GABLE_02__PANEL_ROOF-SKIN-02-NORTH-EAST; NF-BATTEN-10__GABLE_02__PANEL_ROOF-SKIN-02-NORTH-EAST; NF-COVER-01__GABLE_02__ROOF_SKIN_NORTH_EAST__SLOPE_CUT; NF-COVER-02__GABLE_02__ROOF_SKIN_NORTH_EAST__SLOPE_CUT,,87,straight source-solid-checked panel slide; worker access and handling unqualified
61,ROOF-SKIN-03-SOUTH-WEST,06 · roof skin panels,CHECKED_GUIDED_ROOF_SLIDE,NF-BATTEN-01__GABLE_03__PANEL_ROOF-SKIN-03-SOUTH-WEST; NF-BATTEN-02__GABLE_03__PANEL_ROOF-SKIN-03-SOUTH-WEST; NF-BATTEN-03__GABLE_03__PANEL_ROOF-SKIN-03-SOUTH-WEST; NF-BATTEN-04__GABLE_03__PANEL_ROOF-SKIN-03-SOUTH-WEST; NF-BATTEN-05__GABLE_03__PANEL_ROOF-SKIN-03-SOUTH-WEST; NF-COVER-07__GABLE_03__ROOF_SKIN_SOUTH_WEST__SLOPE_CUT,,87,straight source-solid-checked panel slide; worker access and handling unqualified
62,ROOF-SKIN-03-SOUTH-EAST,06 · roof skin panels,CHECKED_GUIDED_ROOF_SLIDE,NF-BATTEN-01__GABLE_03__PANEL_ROOF-SKIN-03-SOUTH-EAST; NF-BATTEN-02__GABLE_03__PANEL_ROOF-SKIN-03-SOUTH-EAST; NF-BATTEN-03__GABLE_03__PANEL_ROOF-SKIN-03-SOUTH-EAST; NF-BATTEN-04__GABLE_03__PANEL_ROOF-SKIN-03-SOUTH-EAST; NF-BATTEN-05__GABLE_03__PANEL_ROOF-SKIN-03-SOUTH-EAST; NF-COVER-07__GABLE_03__ROOF_SKIN_SOUTH_EAST__SLOPE_CUT,,87,straight source-solid-checked panel slide; worker access and handling unqualified
63,ROOF-SKIN-03-NORTH-WEST,06 · roof skin panels,CHECKED_GUIDED_ROOF_SLIDE,NF-BATTEN-06__GABLE_03__PANEL_ROOF-SKIN-03-NORTH-WEST; NF-BATTEN-07__GABLE_03__PANEL_ROOF-SKIN-03-NORTH-WEST; NF-BATTEN-08__GABLE_03__PANEL_ROOF-SKIN-03-NORTH-WEST; NF-BATTEN-09__GABLE_03__PANEL_ROOF-SKIN-03-NORTH-WEST; NF-BATTEN-10__GABLE_03__PANEL_ROOF-SKIN-03-NORTH-WEST; NF-COVER-02__GABLE_03__ROOF_SKIN_NORTH_WEST__SLOPE_CUT,,87,straight source-solid-checked panel slide; worker access and handling unqualified
64,ROOF-SKIN-03-NORTH-EAST,06 · roof skin panels,CHECKED_GUIDED_ROOF_SLIDE,NF-BATTEN-06__GABLE_03__PANEL_ROOF-SKIN-03-NORTH-EAST; NF-BATTEN-07__GABLE_03__PANEL_ROOF-SKIN-03-NORTH-EAST; NF-BATTEN-08__GABLE_03__PANEL_ROOF-SKIN-03-NORTH-EAST; NF-BATTEN-09__GABLE_03__PANEL_ROOF-SKIN-03-NORTH-EAST; NF-BATTEN-10__GABLE_03__PANEL_ROOF-SKIN-03-NORTH-EAST; NF-COVER-02__GABLE_03__ROOF_SKIN_NORTH_EAST__SLOPE_CUT; NF-COVER-03__GABLE_03__ROOF_SKIN_NORTH_EAST__SLOPE_CUT,,87,straight source-solid-checked panel slide; worker access and handling unqualified
65,ROOF-SKIN-04-SOUTH-WEST,06 · roof skin panels,CHECKED_GUIDED_ROOF_SLIDE,NF-BATTEN-01__GABLE_04__PANEL_ROOF-SKIN-04-SOUTH-WEST; NF-BATTEN-02__GABLE_04__PANEL_ROOF-SKIN-04-SOUTH-WEST; NF-BATTEN-03__GABLE_04__PANEL_ROOF-SKIN-04-SOUTH-WEST; NF-BATTEN-04__GABLE_04__PANEL_ROOF-SKIN-04-SOUTH-WEST; NF-BATTEN-05__GABLE_04__PANEL_ROOF-SKIN-04-SOUTH-WEST; NF-COVER-06__GABLE_04__ROOF_SKIN_SOUTH_WEST__SLOPE_CUT; NF-COVER-07__GABLE_04__ROOF_SKIN_SOUTH_WEST__SLOPE_CUT,,87,straight source-solid-checked panel slide; worker access and handling unqualified
66,ROOF-SKIN-04-SOUTH-EAST,06 · roof skin panels,CHECKED_GUIDED_ROOF_SLIDE,NF-BATTEN-01__GABLE_04__PANEL_ROOF-SKIN-04-SOUTH-EAST; NF-BATTEN-02__GABLE_04__PANEL_ROOF-SKIN-04-SOUTH-EAST; NF-BATTEN-03__GABLE_04__PANEL_ROOF-SKIN-04-SOUTH-EAST; NF-BATTEN-04__GABLE_04__PANEL_ROOF-SKIN-04-SOUTH-EAST; NF-BATTEN-05__GABLE_04__PANEL_ROOF-SKIN-04-SOUTH-EAST; NF-COVER-06__GABLE_04__ROOF_SKIN_SOUTH_EAST__SLOPE_CUT,,87,straight source-solid-checked panel slide; worker access and handling unqualified
67,ROOF-SKIN-04-NORTH-WEST,06 · roof skin panels,CHECKED_GUIDED_ROOF_SLIDE,NF-BATTEN-06__GABLE_04__PANEL_ROOF-SKIN-04-NORTH-WEST; NF-BATTEN-07__GABLE_04__PANEL_ROOF-SKIN-04-NORTH-WEST; NF-BATTEN-08__GABLE_04__PANEL_ROOF-SKIN-04-NORTH-WEST; NF-BATTEN-09__GABLE_04__PANEL_ROOF-SKIN-04-NORTH-WEST; NF-BATTEN-10__GABLE_04__PANEL_ROOF-SKIN-04-NORTH-WEST; NF-COVER-03__GABLE_04__ROOF_SKIN_NORTH_WEST__SLOPE_CUT,,87,straight source-solid-checked panel slide; worker access and handling unqualified
68,ROOF-SKIN-04-NORTH-EAST,06 · roof skin panels,CHECKED_GUIDED_ROOF_SLIDE,NF-BATTEN-06__GABLE_04__PANEL_ROOF-SKIN-04-NORTH-EAST; NF-BATTEN-07__GABLE_04__PANEL_ROOF-SKIN-04-NORTH-EAST; NF-BATTEN-08__GABLE_04__PANEL_ROOF-SKIN-04-NORTH-EAST; NF-BATTEN-09__GABLE_04__PANEL_ROOF-SKIN-04-NORTH-EAST; NF-BATTEN-10__GABLE_04__PANEL_ROOF-SKIN-04-NORTH-EAST; NF-COVER-03__GABLE_04__ROOF_SKIN_NORTH_EAST__SLOPE_CUT,,87,straight source-solid-checked panel slide; worker access and handling unqualified
69,ROOF-SKIN-05-SOUTH-WEST,06 · roof skin panels,CHECKED_GUIDED_ROOF_SLIDE,NF-BATTEN-01__GABLE_05__PANEL_ROOF-SKIN-05-SOUTH-WEST; NF-BATTEN-02__GABLE_05__PANEL_ROOF-SKIN-05-SOUTH-WEST; NF-BATTEN-03__GABLE_05__PANEL_ROOF-SKIN-05-SOUTH-WEST; NF-BATTEN-04__GABLE_05__PANEL_ROOF-SKIN-05-SOUTH-WEST; NF-BATTEN-05__GABLE_05__PANEL_ROOF-SKIN-05-SOUTH-WEST; NF-COVER-05__GABLE_05__ROOF_SKIN_SOUTH_WEST__SLOPE_CUT; NF-COVER-06__GABLE_05__ROOF_SKIN_SOUTH_WEST__SLOPE_CUT,,87,straight source-solid-checked panel slide; worker access and handling unqualified
70,ROOF-SKIN-05-SOUTH-EAST,06 · roof skin panels,CHECKED_GUIDED_ROOF_SLIDE,NF-BATTEN-01__GABLE_05__PANEL_ROOF-SKIN-05-SOUTH-EAST; NF-BATTEN-02__GABLE_05__PANEL_ROOF-SKIN-05-SOUTH-EAST; NF-BATTEN-03__GABLE_05__PANEL_ROOF-SKIN-05-SOUTH-EAST; NF-BATTEN-04__GABLE_05__PANEL_ROOF-SKIN-05-SOUTH-EAST; NF-BATTEN-05__GABLE_05__PANEL_ROOF-SKIN-05-SOUTH-EAST; NF-COVER-05__GABLE_05__ROOF_SKIN_SOUTH_EAST__SLOPE_CUT; NF-COVER-06__GABLE_05__ROOF_SKIN_SOUTH_EAST__SLOPE_CUT,,87,straight source-solid-checked panel slide; worker access and handling unqualified
71,ROOF-SKIN-05-NORTH-WEST,06 · roof skin panels,CHECKED_GUIDED_ROOF_SLIDE,NF-BATTEN-06__GABLE_05__PANEL_ROOF-SKIN-05-NORTH-WEST; NF-BATTEN-07__GABLE_05__PANEL_ROOF-SKIN-05-NORTH-WEST; NF-BATTEN-08__GABLE_05__PANEL_ROOF-SKIN-05-NORTH-WEST; NF-BATTEN-09__GABLE_05__PANEL_ROOF-SKIN-05-NORTH-WEST; NF-BATTEN-10__GABLE_05__PANEL_ROOF-SKIN-05-NORTH-WEST; NF-COVER-03__GABLE_05__ROOF_SKIN_NORTH_WEST__SLOPE_CUT; NF-COVER-04__GABLE_05__ROOF_SKIN_NORTH_WEST__SLOPE_CUT,,87,straight source-solid-checked panel slide; worker access and handling unqualified
72,ROOF-SKIN-05-NORTH-EAST,06 · roof skin panels,CHECKED_GUIDED_ROOF_SLIDE,NF-BATTEN-06__GABLE_05__PANEL_ROOF-SKIN-05-NORTH-EAST; NF-BATTEN-07__GABLE_05__PANEL_ROOF-SKIN-05-NORTH-EAST; NF-BATTEN-08__GABLE_05__PANEL_ROOF-SKIN-05-NORTH-EAST; NF-BATTEN-09__GABLE_05__PANEL_ROOF-SKIN-05-NORTH-EAST; NF-BATTEN-10__GABLE_05__PANEL_ROOF-SKIN-05-NORTH-EAST; NF-COVER-04__GABLE_05__ROOF_SKIN_NORTH_EAST__SLOPE_CUT,,87,straight source-solid-checked panel slide; worker access and handling unqualified
73,ROOF-SKIN-06-SOUTH-FULL,06 · roof skin panels,CHECKED_GUIDED_ROOF_SLIDE,NF-BATTEN-01__GABLE_06; NF-BATTEN-02__GABLE_06; NF-BATTEN-03__GABLE_06; NF-BATTEN-04__GABLE_06; NF-BATTEN-05__GABLE_06; NF-COVER-05__GABLE_06__SLOPE_CUT,NF-BATTEN-01; NF-BATTEN-02; NF-BATTEN-03; NF-BATTEN-04; NF-BATTEN-05,92,straight source-solid-checked panel slide; worker access and handling unqualified
74,ROOF-SKIN-06-NORTH-FULL,06 · roof skin panels,CHECKED_GUIDED_ROOF_SLIDE,NF-BATTEN-06__GABLE_06; NF-BATTEN-07__GABLE_06; NF-BATTEN-08__GABLE_06; NF-BATTEN-09__GABLE_06; NF-BATTEN-10__GABLE_06; NF-COVER-04__GABLE_06__SLOPE_CUT,NF-BATTEN-06; NF-BATTEN-07; NF-BATTEN-08; NF-BATTEN-09; NF-BATTEN-10,97,straight source-solid-checked panel slide; worker access and handling unqualified
75,ROOF-RIDGE-CAP-01,07 · ridge closures,ILLUSTRATIVE_GUIDED_PLACEMENT,NF-COVER-08__GABLE_01__RIDGE_CAP; NF-COVER-01__GABLE_01__RIDGE_CAP,,97,installation order and final geometry checked; approach motion is illustrative and not collision verified
76,ROOF-RIDGE-CAP-02,07 · ridge closures,ILLUSTRATIVE_GUIDED_PLACEMENT,NF-COVER-08__GABLE_02__ROOF_SKIN_SOUTH_WEST__RIDGE_CAP; NF-COVER-07__GABLE_02__ROOF_SKIN_SOUTH_EAST__RIDGE_CAP; NF-COVER-08__GABLE_02__ROOF_SKIN_SOUTH_EAST__RIDGE_CAP; NF-COVER-01__GABLE_02__ROOF_SKIN_NORTH_WEST__RIDGE_CAP; NF-COVER-02__GABLE_02__ROOF_SKIN_NORTH_WEST__RIDGE_CAP; NF-COVER-01__GABLE_02__ROOF_SKIN_NORTH_EAST__RIDGE_CAP; NF-COVER-02__GABLE_02__ROOF_SKIN_NORTH_EAST__RIDGE_CAP,NF-COVER-01; NF-COVER-08,99,installation order and final geometry checked; approach motion is illustrative and not collision verified
77,ROOF-RIDGE-CAP-03,07 · ridge closures,ILLUSTRATIVE_GUIDED_PLACEMENT,NF-COVER-07__GABLE_03__ROOF_SKIN_SOUTH_WEST__RIDGE_CAP; NF-COVER-07__GABLE_03__ROOF_SKIN_SOUTH_EAST__RIDGE_CAP; NF-COVER-02__GABLE_03__ROOF_SKIN_NORTH_WEST__RIDGE_CAP; NF-COVER-02__GABLE_03__ROOF_SKIN_NORTH_EAST__RIDGE_CAP; NF-COVER-03__GABLE_03__ROOF_SKIN_NORTH_EAST__RIDGE_CAP,NF-COVER-02,100,installation order and final geometry checked; approach motion is illustrative and not collision verified
78,ROOF-RIDGE-CAP-04,07 · ridge closures,ILLUSTRATIVE_GUIDED_PLACEMENT,NF-COVER-06__GABLE_04__ROOF_SKIN_SOUTH_WEST__RIDGE_CAP; NF-COVER-07__GABLE_04__ROOF_SKIN_SOUTH_WEST__RIDGE_CAP; NF-COVER-06__GABLE_04__ROOF_SKIN_SOUTH_EAST__RIDGE_CAP; NF-COVER-03__GABLE_04__ROOF_SKIN_NORTH_WEST__RIDGE_CAP; NF-COVER-03__GABLE_04__ROOF_SKIN_NORTH_EAST__RIDGE_CAP,NF-COVER-07,101,installation order and final geometry checked; approach motion is illustrative and not collision verified
79,ROOF-RIDGE-CAP-05,07 · ridge closures,ILLUSTRATIVE_GUIDED_PLACEMENT,NF-COVER-05__GABLE_05__ROOF_SKIN_SOUTH_WEST__RIDGE_CAP; NF-COVER-06__GABLE_05__ROOF_SKIN_SOUTH_WEST__RIDGE_CAP; NF-COVER-05__GABLE_05__ROOF_SKIN_SOUTH_EAST__RIDGE_CAP; NF-COVER-06__GABLE_05__ROOF_SKIN_SOUTH_EAST__RIDGE_CAP; NF-COVER-03__GABLE_05__ROOF_SKIN_NORTH_WEST__RIDGE_CAP; NF-COVER-04__GABLE_05__ROOF_SKIN_NORTH_WEST__RIDGE_CAP; NF-COVER-04__GABLE_05__ROOF_SKIN_NORTH_EAST__RIDGE_CAP,NF-COVER-03; NF-COVER-06,103,installation order and final geometry checked; approach motion is illustrative and not collision verified
80,ROOF-RIDGE-CAP-06,07 · ridge closures,ILLUSTRATIVE_GUIDED_PLACEMENT,NF-COVER-05__GABLE_06__RIDGE_CAP; NF-COVER-04__GABLE_06__RIDGE_CAP,NF-COVER-04; NF-COVER-05,105,installation order and final geometry checked; approach motion is illustrative and not collision verified
81,CLAD-GUIDED-EAST-01,08 · cladding strips,ILLUSTRATIVE_GUIDED_PLACEMENT,NF-CLAD-29; NF-CLAD-30; NF-CLAD-31; CLAD-GUIDED-EAST-01__CLEAT-1; CLAD-GUIDED-EAST-01__CLEAT-2,NF-CLAD-29; NF-CLAD-30; NF-CLAD-31,108,installation order and final geometry checked; approach motion is illustrative and not collision verified
82,CLAD-GUIDED-EAST-02,08 · cladding strips,ILLUSTRATIVE_GUIDED_PLACEMENT,NF-CLAD-32; NF-CLAD-33; NF-CLAD-34; CLAD-GUIDED-EAST-02__CLEAT-1; CLAD-GUIDED-EAST-02__CLEAT-2,NF-CLAD-32; NF-CLAD-33; NF-CLAD-34,111,installation order and final geometry checked; approach motion is illustrative and not collision verified
83,CLAD-GUIDED-EAST-03,08 · cladding strips,ILLUSTRATIVE_GUIDED_PLACEMENT,NF-CLAD-35; NF-CLAD-36; NF-CLAD-37; CLAD-GUIDED-EAST-03__CLEAT-1; CLAD-GUIDED-EAST-03__CLEAT-2,NF-CLAD-35; NF-CLAD-36; NF-CLAD-37,114,installation order and final geometry checked; approach motion is illustrative and not collision verified
84,CLAD-GUIDED-EAST-04,08 · cladding strips,ILLUSTRATIVE_GUIDED_PLACEMENT,NF-CLAD-38; NF-CLAD-39; NF-CLAD-40; CLAD-GUIDED-EAST-04__CLEAT-1; CLAD-GUIDED-EAST-04__CLEAT-2,NF-CLAD-38; NF-CLAD-39; NF-CLAD-40,117,installation order and final geometry checked; approach motion is illustrative and not collision verified
85,CLAD-GUIDED-EAST-05,08 · cladding strips,ILLUSTRATIVE_GUIDED_PLACEMENT,NF-CLAD-41; NF-CLAD-42; CLAD-GUIDED-EAST-05__CLEAT-1; CLAD-GUIDED-EAST-05__CLEAT-2,NF-CLAD-41; NF-CLAD-42,119,installation order and final geometry checked; approach motion is illustrative and not collision verified
86,CLAD-GUIDED-SOUTH-01,08 · cladding strips,ILLUSTRATIVE_GUIDED_PLACEMENT,NF-CLAD-15; NF-CLAD-16; NF-CLAD-17; CLAD-GUIDED-SOUTH-01__CLEAT-1; CLAD-GUIDED-SOUTH-01__CLEAT-2,NF-CLAD-15; NF-CLAD-16; NF-CLAD-17,122,installation order and final geometry checked; approach motion is illustrative and not collision verified
87,CLAD-GUIDED-SOUTH-02,08 · cladding strips,ILLUSTRATIVE_GUIDED_PLACEMENT,NF-CLAD-18; NF-CLAD-19; NF-CLAD-20; CLAD-GUIDED-SOUTH-02__CLEAT-1; CLAD-GUIDED-SOUTH-02__CLEAT-2,NF-CLAD-18; NF-CLAD-19; NF-CLAD-20,125,installation order and final geometry checked; approach motion is illustrative and not collision verified
88,CLAD-GUIDED-SOUTH-03,08 · cladding strips,ILLUSTRATIVE_GUIDED_PLACEMENT,NF-CLAD-21; NF-CLAD-22; NF-CLAD-23; CLAD-GUIDED-SOUTH-03__CLEAT-1; CLAD-GUIDED-SOUTH-03__CLEAT-2,NF-CLAD-21; NF-CLAD-22; NF-CLAD-23,128,installation order and final geometry checked; approach motion is illustrative and not collision verified
89,CLAD-GUIDED-SOUTH-04,08 · cladding strips,ILLUSTRATIVE_GUIDED_PLACEMENT,NF-CLAD-24; NF-CLAD-25; NF-CLAD-26; CLAD-GUIDED-SOUTH-04__CLEAT-1; CLAD-GUIDED-SOUTH-04__CLEAT-2,NF-CLAD-24; NF-CLAD-25; NF-CLAD-26,131,installation order and final geometry checked; approach motion is illustrative and not collision verified
90,CLAD-GUIDED-SOUTH-05,08 · cladding strips,ILLUSTRATIVE_GUIDED_PLACEMENT,NF-CLAD-27; NF-CLAD-28; CLAD-GUIDED-SOUTH-05__CLEAT-1; CLAD-GUIDED-SOUTH-05__CLEAT-2,NF-CLAD-27; NF-CLAD-28,133,installation order and final geometry checked; approach motion is illustrative and not collision verified
91,CLAD-GUIDED-NORTH-01,08 · cladding strips,ILLUSTRATIVE_GUIDED_PLACEMENT,NF-CLAD-43; NF-CLAD-44; NF-CLAD-45; CLAD-GUIDED-NORTH-01__CLEAT-1; CLAD-GUIDED-NORTH-01__CLEAT-2,NF-CLAD-43; NF-CLAD-44; NF-CLAD-45,136,installation order and final geometry checked; approach motion is illustrative and not collision verified
92,CLAD-GUIDED-NORTH-02,08 · cladding strips,ILLUSTRATIVE_GUIDED_PLACEMENT,NF-CLAD-46; NF-CLAD-47; NF-CLAD-48; CLAD-GUIDED-NORTH-02__CLEAT-1; CLAD-GUIDED-NORTH-02__CLEAT-2,NF-CLAD-46; NF-CLAD-47; NF-CLAD-48,139,installation order and final geometry checked; approach motion is illustrative and not collision verified
93,CLAD-GUIDED-NORTH-03,08 · cladding strips,ILLUSTRATIVE_GUIDED_PLACEMENT,NF-CLAD-49; NF-CLAD-50; CLAD-GUIDED-NORTH-03__CLEAT-1; CLAD-GUIDED-NORTH-03__CLEAT-2,NF-CLAD-49; NF-CLAD-50,141,installation order and final geometry checked; approach motion is illustrative and not collision verified
94,CLAD-GUIDED-WEST-01,08 · cladding strips,ILLUSTRATIVE_GUIDED_PLACEMENT,NF-CLAD-14; NF-CLAD-13; NF-CLAD-12; CLAD-GUIDED-WEST-01__CLEAT-1; CLAD-GUIDED-WEST-01__CLEAT-2,NF-CLAD-14; NF-CLAD-13; NF-CLAD-12,144,installation order and final geometry checked; approach motion is illustrative and not collision verified
95,CLAD-GUIDED-WEST-02,08 · cladding strips,ILLUSTRATIVE_GUIDED_PLACEMENT,NF-CLAD-11; NF-CLAD-10; NF-CLAD-09; CLAD-GUIDED-WEST-02__CLEAT-1; CLAD-GUIDED-WEST-02__CLEAT-2,NF-CLAD-11; NF-CLAD-10; NF-CLAD-09,147,installation order and final geometry checked; approach motion is illustrative and not collision verified
96,CLAD-GUIDED-WEST-03,08 · cladding strips,ILLUSTRATIVE_GUIDED_PLACEMENT,NF-CLAD-08; NF-CLAD-07; NF-CLAD-06; CLAD-GUIDED-WEST-03__CLEAT-1; CLAD-GUIDED-WEST-03__CLEAT-2,NF-CLAD-08; NF-CLAD-07; NF-CLAD-06,150,installation order and final geometry checked; approach motion is illustrative and not collision verified
97,CLAD-GUIDED-WEST-04,08 · cladding strips,ILLUSTRATIVE_GUIDED_PLACEMENT,NF-CLAD-05; NF-CLAD-04; NF-CLAD-03; CLAD-GUIDED-WEST-04__CLEAT-1; CLAD-GUIDED-WEST-04__CLEAT-2,NF-CLAD-05; NF-CLAD-04; NF-CLAD-03,153,installation order and final geometry checked; approach motion is illustrative and not collision verified
98,CLAD-GUIDED-WEST-05,08 · cladding strips,ILLUSTRATIVE_GUIDED_PLACEMENT,NF-CLAD-02; NF-CLAD-01; CLAD-GUIDED-WEST-05__CLEAT-1; CLAD-GUIDED-WEST-05__CLEAT-2,NF-CLAD-02; NF-CLAD-01,155,installation order and final geometry checked; approach motion is illustrative and not collision verified
