Step,Status,Phase,Task ID,Family,Installation,Source member IDs,Mass high kg,Predecessor tasks,Offsite joint evidence,Site fixing evidence,Checked loaded robot path,Required operations
0,ACCEPTED BASELINE,00 · lower-frame checkpoint,18 SOURCE MEMBERS,LOWER STRUCTURE,PREVIOUSLY_ACCEPTED,NF-BASE-01; NF-BASE-02; NF-BASE-03; NF-BASE-04; NF-LB-01; NF-LB-02; NF-LB-03; NF-LB-04; NF-LB-05; NF-LB-06; NF-LP-01; NF-LP-02; NF-LP-03; NF-LP-04; NF-LS-01; NF-LS-02; NF-LS-03; NF-LS-04,,,CURRENT_PROGRAMME_RESULT.json,CURRENT_PROGRAMME_RESULT.json,,Existing lower-frame checkpoint; start the 80-step remaining sequence from this state
1,PROPOSED,01 · lower bracing,NF-LB-07,LOWER_BRACE,GUIDED_TWO_PERSON_FROM_GROUND,NF-LB-07,9.31,,,guided_five_site_fixing_qa,,CARRY_SINGLE_LIGHT_MEMBER_VIA_GUARDED_ACCESS → TWO_PERSON_GUIDE_MEMBER_TO_NAMED_STRUCTURAL_CONTACTS → FASTEN_TO_EACH_NAMED_HOST_BEFORE_RELEASING_HAND_SUPPORT → CHECK_SUPPORT_AND_CLEAR_REUSABLE_ACCESS
2,PROPOSED,02 · joists and floor panels,NF-FB-01,HORIZONTAL_MEMBER,ROBOT_A_PLACEMENT,NF-FB-01,16.8,,,robot_site_fixing_qa,trajectories/NF-FB-01.json,SOURCE_IK_PICK_AND_EXTRACT → GUIDED_TRANSFER_WITH_CURRENT_OBSTACLES → SUPPORTED_LANDING_AND_NOMINAL_CAPTURE → ROBOT_EXTERNAL_FIXING → JAW_OPENING_AND_WITHDRAWAL → INDEPENDENT_CURRENT_WORLD_REPLAY
3,PROPOSED,02 · joists and floor panels,NF-FB-02,HORIZONTAL_MEMBER,ROBOT_A_PLACEMENT,NF-FB-02,16.8,,,robot_site_fixing_qa,trajectories/NF-FB-02.json,SOURCE_IK_PICK_AND_EXTRACT → GUIDED_TRANSFER_WITH_CURRENT_OBSTACLES → SUPPORTED_LANDING_AND_NOMINAL_CAPTURE → ROBOT_EXTERNAL_FIXING → JAW_OPENING_AND_WITHDRAWAL → INDEPENDENT_CURRENT_WORLD_REPLAY
4,PROPOSED,02 · joists and floor panels,NF-FJ-01,HORIZONTAL_MEMBER,ROBOT_A_PLACEMENT,NF-FJ-01,16.8,NF-FB-01; NF-FB-02,,robot_site_fixing_qa,trajectories/NF-FJ-01.json,SOURCE_IK_PICK_AND_EXTRACT → GUIDED_TRANSFER_WITH_CURRENT_OBSTACLES → SUPPORTED_LANDING_AND_NOMINAL_CAPTURE → ROBOT_EXTERNAL_FIXING → JAW_OPENING_AND_WITHDRAWAL → INDEPENDENT_CURRENT_WORLD_REPLAY
5,PROPOSED,02 · joists and floor panels,NF-FJ-02,HORIZONTAL_MEMBER,ROBOT_A_PLACEMENT,NF-FJ-02,16.8,NF-FB-01; NF-FB-02,,robot_site_fixing_qa,trajectories/NF-FJ-02.json,SOURCE_IK_PICK_AND_EXTRACT → GUIDED_TRANSFER_WITH_CURRENT_OBSTACLES → SUPPORTED_LANDING_AND_NOMINAL_CAPTURE → ROBOT_EXTERNAL_FIXING → JAW_OPENING_AND_WITHDRAWAL → INDEPENDENT_CURRENT_WORLD_REPLAY
6,PROPOSED,02 · joists and floor panels,NF-FJ-03,HORIZONTAL_MEMBER,ROBOT_A_PLACEMENT,NF-FJ-03,12.6,NF-FB-01; NF-FB-02,,robot_site_fixing_qa,trajectories/NF-FJ-03.json,SOURCE_IK_PICK_AND_EXTRACT → GUIDED_TRANSFER_WITH_CURRENT_OBSTACLES → SUPPORTED_LANDING_AND_NOMINAL_CAPTURE → ROBOT_EXTERNAL_FIXING → JAW_OPENING_AND_WITHDRAWAL → INDEPENDENT_CURRENT_WORLD_REPLAY
7,PROPOSED,02 · joists and floor panels,NF-FJ-04,HORIZONTAL_MEMBER,ROBOT_A_PLACEMENT,NF-FJ-04,12.6,NF-FB-01; NF-FB-02,,robot_site_fixing_qa,trajectories/NF-FJ-04.json,SOURCE_IK_PICK_AND_EXTRACT → GUIDED_TRANSFER_WITH_CURRENT_OBSTACLES → SUPPORTED_LANDING_AND_NOMINAL_CAPTURE → ROBOT_EXTERNAL_FIXING → JAW_OPENING_AND_WITHDRAWAL → INDEPENDENT_CURRENT_WORLD_REPLAY
8,PROPOSED,02 · joists and floor panels,NF-FJ-05,HORIZONTAL_MEMBER,ROBOT_A_PLACEMENT,NF-FJ-05,12.6,NF-FB-01; NF-FB-02,,robot_site_fixing_qa,trajectories/NF-FJ-05.json,SOURCE_IK_PICK_AND_EXTRACT → GUIDED_TRANSFER_WITH_CURRENT_OBSTACLES → SUPPORTED_LANDING_AND_NOMINAL_CAPTURE → ROBOT_EXTERNAL_FIXING → JAW_OPENING_AND_WITHDRAWAL → INDEPENDENT_CURRENT_WORLD_REPLAY
9,PROPOSED,02 · joists and floor panels,NF-FJ-06,HORIZONTAL_MEMBER,ROBOT_A_PLACEMENT,NF-FJ-06,12.6,NF-FB-01; NF-FB-02,,robot_site_fixing_qa,trajectories/NF-FJ-06.json,SOURCE_IK_PICK_AND_EXTRACT → GUIDED_TRANSFER_WITH_CURRENT_OBSTACLES → SUPPORTED_LANDING_AND_NOMINAL_CAPTURE → ROBOT_EXTERNAL_FIXING → JAW_OPENING_AND_WITHDRAWAL → INDEPENDENT_CURRENT_WORLD_REPLAY
10,PROPOSED,02 · joists and floor panels,NF-FJ-07,HORIZONTAL_MEMBER,ROBOT_A_PLACEMENT,NF-FJ-07,12.6,NF-FB-01; NF-FB-02,,robot_site_fixing_qa,trajectories/NF-FJ-07.json,SOURCE_IK_PICK_AND_EXTRACT → GUIDED_TRANSFER_WITH_CURRENT_OBSTACLES → SUPPORTED_LANDING_AND_NOMINAL_CAPTURE → ROBOT_EXTERNAL_FIXING → JAW_OPENING_AND_WITHDRAWAL → INDEPENDENT_CURRENT_WORLD_REPLAY
11,PROPOSED,02 · joists and floor panels,DECK-PANEL-01,DECK_PANEL,ROBOT_A_PLACEMENT,NF-DECK-01; NF-DECK-02; NF-DECK-03; NF-DECK-04; NF-DECK-05; NF-DECK-06; NF-DECK-07,58.8,NF-FJ-01; NF-FJ-02; NF-FJ-03; NF-FJ-04; NF-FJ-05; NF-FJ-06; NF-FJ-07,offsite_planar_module_qa,robot_site_fixing_qa,trajectories/DECK-PANEL-01.json,ROBOT_PICK_CONSTITUENTS_TO_SHARED_REUSABLE_BED → ROBOT_INSTALL_INTERNAL_CONNECTIONS_WITH_PARTNER_HOLD → ATTACH_REUSABLE_LIFT_INTERFACE_AND_CHECK_CONNECTED_GROUP → SOURCE_IK_PICK_AND_EXTRACT → GUIDED_TRANSFER_WITH_CURRENT_OBSTACLES → SUPPORTED_LANDING_AND_NOMINAL_CAPTURE → ROBOT_EXTERNAL_FIXING → JAW_OPENING_AND_WITHDRAWAL → INDEPENDENT_CURRENT_WORLD_REPLAY
12,PROPOSED,02 · joists and floor panels,DECK-PANEL-02,DECK_PANEL,ROBOT_A_PLACEMENT,NF-DECK-08; NF-DECK-09; NF-DECK-10; NF-DECK-11; NF-DECK-12; NF-DECK-13; NF-DECK-14,58.8,NF-FJ-01; NF-FJ-02; NF-FJ-03; NF-FJ-04; NF-FJ-05; NF-FJ-06; NF-FJ-07,offsite_planar_module_qa,robot_site_fixing_qa,trajectories/DECK-PANEL-02.json,ROBOT_PICK_CONSTITUENTS_TO_SHARED_REUSABLE_BED → ROBOT_INSTALL_INTERNAL_CONNECTIONS_WITH_PARTNER_HOLD → ATTACH_REUSABLE_LIFT_INTERFACE_AND_CHECK_CONNECTED_GROUP → SOURCE_IK_PICK_AND_EXTRACT → GUIDED_TRANSFER_WITH_CURRENT_OBSTACLES → SUPPORTED_LANDING_AND_NOMINAL_CAPTURE → ROBOT_EXTERNAL_FIXING → JAW_OPENING_AND_WITHDRAWAL → INDEPENDENT_CURRENT_WORLD_REPLAY
13,PROPOSED,02 · joists and floor panels,NF-FE-01,HORIZONTAL_MEMBER,ROBOT_A_PLACEMENT,NF-FE-01,16.8,NF-FJ-01; NF-FJ-02; NF-FJ-03; NF-FJ-04; NF-FJ-05; NF-FJ-06; NF-FJ-07,,robot_site_fixing_qa,trajectories/NF-FE-01.json,SOURCE_IK_PICK_AND_EXTRACT → GUIDED_TRANSFER_WITH_CURRENT_OBSTACLES → SUPPORTED_LANDING_AND_NOMINAL_CAPTURE → ROBOT_EXTERNAL_FIXING → JAW_OPENING_AND_WITHDRAWAL → INDEPENDENT_CURRENT_WORLD_REPLAY
14,PROPOSED,02 · joists and floor panels,NF-FE-02,HORIZONTAL_MEMBER,ROBOT_A_PLACEMENT,NF-FE-02,16.8,NF-FJ-01; NF-FJ-02; NF-FJ-03; NF-FJ-04; NF-FJ-05; NF-FJ-06; NF-FJ-07,,robot_site_fixing_qa,trajectories/NF-FE-02.json,SOURCE_IK_PICK_AND_EXTRACT → GUIDED_TRANSFER_WITH_CURRENT_OBSTACLES → SUPPORTED_LANDING_AND_NOMINAL_CAPTURE → ROBOT_EXTERNAL_FIXING → JAW_OPENING_AND_WITHDRAWAL → INDEPENDENT_CURRENT_WORLD_REPLAY
15,PROPOSED,03 · upper frames and braces,UPPER-END-FRAME-WEST,PLANAR_END_FRAME,ROBOT_A_PLACEMENT,NF-PLATE-01; NF-RAIL-03; NF-RAIL-04; NF-UB-07; NF-UB-08; NF-UP-01; NF-UP-05; NF-UP-06,63.44,NF-FJ-02; DECK-PANEL-01; DECK-PANEL-02; NF-FE-01; NF-FE-02,offsite_planar_module_qa,robot_site_fixing_qa,trajectories/UPPER-END-FRAME-WEST.json,ROBOT_PICK_CONSTITUENTS_TO_SHARED_REUSABLE_BED → ROBOT_INSTALL_INTERNAL_CONNECTIONS_WITH_PARTNER_HOLD → ATTACH_REUSABLE_LIFT_INTERFACE_AND_CHECK_CONNECTED_GROUP → SOURCE_IK_PICK_AND_EXTRACT → GUIDED_TRANSFER_WITH_CURRENT_OBSTACLES → SUPPORTED_LANDING_AND_NOMINAL_CAPTURE → ROBOT_EXTERNAL_FIXING → JAW_OPENING_AND_WITHDRAWAL → INDEPENDENT_CURRENT_WORLD_REPLAY
16,PROPOSED,03 · upper frames and braces,UPPER-END-EAST-CORE,PLANAR_END_FRAME,ROBOT_A_PLACEMENT,NF-UP-02,16.8,NF-FJ-01; DECK-PANEL-01; DECK-PANEL-02; NF-FE-01; NF-FE-02,,east_post_shoe_fixing_qa,trajectories/UPPER-END-EAST-CORE.json,OFFSITE_ATTACH_ONE_PERMANENT_INBOARD_ANGLE_TO_POST_WITH_NAMED_SCREWS → SOURCE_IK_PICK_EXTRACT_AND_GUIDED_TRANSFER_FROM_EAST_DOCK → SEAT_POST_BASE_ON_FJ01 → DRIVE_ANGLE_FOOT_FASTENERS_DOWN_INTO_FJ01_WHILE_ROBOT_A_SUPPORTS_POST → VERIFY_BASE_CONNECTION_BEFORE_ROBOT_A_RELEASE → PLACE_AND_FIX_SOUTH_AND_NORTH_OFFSITE_PLANAR_HALF_FRAMES → CONNECT_RAILS_TO_CENTRE_POST_AND_FINAL_EAST_CAP
17,PROPOSED,03 · upper frames and braces,UPPER-END-EAST-SOUTH,PLANAR_END_FRAME,ROBOT_A_PLACEMENT,NF-RAIL-02; NF-UB-05; NF-UP-04,19.12,NF-FJ-01; DECK-PANEL-01; DECK-PANEL-02; NF-FE-01; NF-FE-02; UPPER-END-EAST-CORE,offsite_planar_module_qa,robot_site_fixing_qa,trajectories/UPPER-END-EAST-SOUTH.json,OFFSITE_PICK_AND_CONNECT_PLANAR_HALF_FRAME → ATTACH_REUSABLE_LIFT_INTERFACE_AND_CHECK_CONNECTED_GROUP → SOURCE_IK_PICK_AND_EXTRACT → GUIDED_TRANSFER_WITH_CURRENT_OBSTACLES → SUPPORTED_LANDING_AND_NOMINAL_CAPTURE → ROBOT_EXTERNAL_FIXING → JAW_OPENING_AND_WITHDRAWAL → INDEPENDENT_CURRENT_WORLD_REPLAY
18,PROPOSED,03 · upper frames and braces,UPPER-END-EAST-NORTH,PLANAR_END_FRAME,ROBOT_A_PLACEMENT,NF-RAIL-01; NF-UB-06; NF-UP-03,19.12,NF-FJ-01; DECK-PANEL-01; DECK-PANEL-02; NF-FE-01; NF-FE-02; UPPER-END-EAST-CORE,offsite_planar_module_qa,robot_site_fixing_qa,trajectories/UPPER-END-EAST-NORTH.json,OFFSITE_PICK_AND_CONNECT_PLANAR_HALF_FRAME → ATTACH_REUSABLE_LIFT_INTERFACE_AND_CHECK_CONNECTED_GROUP → SOURCE_IK_PICK_AND_EXTRACT → GUIDED_TRANSFER_WITH_CURRENT_OBSTACLES → SUPPORTED_LANDING_AND_NOMINAL_CAPTURE → ROBOT_EXTERNAL_FIXING → JAW_OPENING_AND_WITHDRAWAL → INDEPENDENT_CURRENT_WORLD_REPLAY
19,PROPOSED,03 · upper frames and braces,UPPER-END-EAST-CAP,PLANAR_END_FRAME,ROBOT_A_PLACEMENT,NF-PLATE-02,8.4,NF-FJ-01; DECK-PANEL-01; DECK-PANEL-02; NF-FE-01; NF-FE-02; UPPER-END-EAST-CORE; UPPER-END-EAST-SOUTH; UPPER-END-EAST-NORTH,,robot_site_fixing_qa,trajectories/UPPER-END-EAST-CAP.json,SOURCE_IK_PICK_AND_EXTRACT → GUIDED_TRANSFER_WITH_CURRENT_OBSTACLES → SUPPORTED_LANDING_AND_NOMINAL_CAPTURE → ROBOT_EXTERNAL_FIXING → JAW_OPENING_AND_WITHDRAWAL → INDEPENDENT_CURRENT_WORLD_REPLAY
20,PROPOSED,03 · upper frames and braces,NF-UB-01,UPPER_BRACE,ROBOT_A_PLACEMENT,NF-UB-01,5.35,NF-FE-01; UPPER-END-FRAME-WEST,,robot_site_fixing_qa,trajectories/NF-UB-01.json,SOURCE_IK_PICK_AND_EXTRACT → GUIDED_TRANSFER_WITH_CURRENT_OBSTACLES → SUPPORTED_LANDING_AND_NOMINAL_CAPTURE → ROBOT_EXTERNAL_FIXING → JAW_OPENING_AND_WITHDRAWAL → INDEPENDENT_CURRENT_WORLD_REPLAY
21,PROPOSED,03 · upper frames and braces,NF-UB-02,UPPER_BRACE,ROBOT_A_PLACEMENT,NF-UB-02,5.35,NF-FE-01; UPPER-END-EAST-CAP,,robot_site_fixing_qa,trajectories/NF-UB-02.json,SOURCE_IK_PICK_AND_EXTRACT → GUIDED_TRANSFER_WITH_CURRENT_OBSTACLES → SUPPORTED_LANDING_AND_NOMINAL_CAPTURE → ROBOT_EXTERNAL_FIXING → JAW_OPENING_AND_WITHDRAWAL → INDEPENDENT_CURRENT_WORLD_REPLAY
22,PROPOSED,03 · upper frames and braces,NF-UB-03,UPPER_BRACE,GUIDED_TWO_PERSON_FROM_GUARDED_DECK_ACCESS,NF-UB-03,5.35,NF-FE-02; UPPER-END-FRAME-WEST,,guided_five_site_fixing_qa,,CARRY_SINGLE_LIGHT_MEMBER_VIA_GUARDED_ACCESS → TWO_PERSON_GUIDE_MEMBER_TO_NAMED_STRUCTURAL_CONTACTS → FASTEN_TO_EACH_NAMED_HOST_BEFORE_RELEASING_HAND_SUPPORT → CHECK_SUPPORT_AND_CLEAR_REUSABLE_ACCESS
23,PROPOSED,03 · upper frames and braces,NF-UB-04,UPPER_BRACE,GUIDED_TWO_PERSON_FROM_GUARDED_DECK_ACCESS,NF-UB-04,5.35,NF-FE-02; UPPER-END-EAST-CAP,,guided_five_site_fixing_qa,,CARRY_SINGLE_LIGHT_MEMBER_VIA_GUARDED_ACCESS → TWO_PERSON_GUIDE_MEMBER_TO_NAMED_STRUCTURAL_CONTACTS → FASTEN_TO_EACH_NAMED_HOST_BEFORE_RELEASING_HAND_SUPPORT → CHECK_SUPPORT_AND_CLEAR_REUSABLE_ACCESS
24,PROPOSED,04 · purlins,NF-PURLIN-01,HORIZONTAL_MEMBER,ROBOT_STAGE_THEN_GUIDED_TWO_PERSON_FROM_GUARDED_DECK,NF-PURLIN-01,23.52,UPPER-END-FRAME-WEST; UPPER-END-EAST-CAP,,guided_five_site_fixing_qa,,ROBOT_STAGE_MEMBER_IN_REUSABLE_GUARDED_DECK_RECEIVING_STAND → ROBOT_CLEAR_WORK_AREA → TWO_PERSON_GUIDE_MEMBER_TO_NAMED_STRUCTURAL_CONTACTS → FASTEN_TO_EACH_NAMED_HOST_BEFORE_RELEASING_HAND_SUPPORT → CHECK_SUPPORT_AND_CLEAR_REUSABLE_ACCESS
25,PROPOSED,04 · purlins,NF-PURLIN-02,HORIZONTAL_MEMBER,ROBOT_STAGE_THEN_GUIDED_TWO_PERSON_FROM_GUARDED_DECK,NF-PURLIN-02,23.52,UPPER-END-FRAME-WEST; UPPER-END-EAST-CAP,,guided_five_site_fixing_qa,,ROBOT_STAGE_MEMBER_IN_REUSABLE_GUARDED_DECK_RECEIVING_STAND → ROBOT_CLEAR_WORK_AREA → TWO_PERSON_GUIDE_MEMBER_TO_NAMED_STRUCTURAL_CONTACTS → FASTEN_TO_EACH_NAMED_HOST_BEFORE_RELEASING_HAND_SUPPORT → CHECK_SUPPORT_AND_CLEAR_REUSABLE_ACCESS
26,PROPOSED,04 · purlins,NF-PURLIN-03,HORIZONTAL_MEMBER,ROBOT_A_PLACEMENT,NF-PURLIN-03,23.52,UPPER-END-FRAME-WEST; UPPER-END-EAST-CAP,,robot_site_fixing_qa,trajectories/NF-PURLIN-03.json,SOURCE_IK_PICK_AND_EXTRACT → GUIDED_TRANSFER_WITH_CURRENT_OBSTACLES → SUPPORTED_LANDING_AND_NOMINAL_CAPTURE → ROBOT_EXTERNAL_FIXING → JAW_OPENING_AND_WITHDRAWAL → INDEPENDENT_CURRENT_WORLD_REPLAY
27,PROPOSED,05 · planar rafter pairs,ROOF-RAFTER-PAIR-01,PLANAR_ROOF_RAFTER_PAIR,ROBOT_A_PLACEMENT,NF-RAF-01; NF-RAF-11,29.08,NF-PURLIN-01; NF-PURLIN-02; NF-PURLIN-03,ridge_internal_screw_qa,robot_site_fixing_qa,trajectories/ROOF-RAFTER-PAIR-01.json,WORKSHOP_ALIGN_NORTH_AND_SOUTH_RAFTERS_ON_REUSABLE_PLANAR_JIG → FASTEN_NOMINAL_RIDGE_SPLICE_AND_VERIFY_CONNECTED_PAIR → INSTALL_REUSABLE_TOP_LIFT_INTERFACE → SINGLE_ROBOT_PICK_TRANSFER_AND_SEAT_ON_PURLINS → SECOND_ROBOT_FASTEN_TO_PURLINS_WHILE_FIRST_HOLDS → OPEN_JAWS_REMOVE_LIFT_INTERFACE_AND_RETURN
28,PROPOSED,05 · planar rafter pairs,ROOF-RAFTER-PAIR-02,PLANAR_ROOF_RAFTER_PAIR,ROBOT_A_PLACEMENT,NF-RAF-02; NF-RAF-12,29.08,NF-PURLIN-01; NF-PURLIN-02; NF-PURLIN-03,ridge_internal_screw_qa,robot_site_fixing_qa,trajectories/ROOF-RAFTER-PAIR-02.json,WORKSHOP_ALIGN_NORTH_AND_SOUTH_RAFTERS_ON_REUSABLE_PLANAR_JIG → FASTEN_NOMINAL_RIDGE_SPLICE_AND_VERIFY_CONNECTED_PAIR → INSTALL_REUSABLE_TOP_LIFT_INTERFACE → SINGLE_ROBOT_PICK_TRANSFER_AND_SEAT_ON_PURLINS → SECOND_ROBOT_FASTEN_TO_PURLINS_WHILE_FIRST_HOLDS → OPEN_JAWS_REMOVE_LIFT_INTERFACE_AND_RETURN
29,PROPOSED,05 · planar rafter pairs,ROOF-RAFTER-PAIR-03,PLANAR_ROOF_RAFTER_PAIR,ROBOT_A_PLACEMENT,NF-RAF-03; NF-RAF-13,29.08,NF-PURLIN-01; NF-PURLIN-02; NF-PURLIN-03,ridge_internal_screw_qa,robot_site_fixing_qa,trajectories/ROOF-RAFTER-PAIR-03.json,WORKSHOP_ALIGN_NORTH_AND_SOUTH_RAFTERS_ON_REUSABLE_PLANAR_JIG → FASTEN_NOMINAL_RIDGE_SPLICE_AND_VERIFY_CONNECTED_PAIR → INSTALL_REUSABLE_TOP_LIFT_INTERFACE → SINGLE_ROBOT_PICK_TRANSFER_AND_SEAT_ON_PURLINS → SECOND_ROBOT_FASTEN_TO_PURLINS_WHILE_FIRST_HOLDS → OPEN_JAWS_REMOVE_LIFT_INTERFACE_AND_RETURN
30,PROPOSED,05 · planar rafter pairs,ROOF-RAFTER-PAIR-04,PLANAR_ROOF_RAFTER_PAIR,ROBOT_A_PLACEMENT,NF-RAF-04; NF-RAF-14,29.08,NF-PURLIN-01; NF-PURLIN-02; NF-PURLIN-03,ridge_internal_screw_qa,robot_site_fixing_qa,trajectories/ROOF-RAFTER-PAIR-04.json,WORKSHOP_ALIGN_NORTH_AND_SOUTH_RAFTERS_ON_REUSABLE_PLANAR_JIG → FASTEN_NOMINAL_RIDGE_SPLICE_AND_VERIFY_CONNECTED_PAIR → INSTALL_REUSABLE_TOP_LIFT_INTERFACE → SINGLE_ROBOT_PICK_TRANSFER_AND_SEAT_ON_PURLINS → SECOND_ROBOT_FASTEN_TO_PURLINS_WHILE_FIRST_HOLDS → OPEN_JAWS_REMOVE_LIFT_INTERFACE_AND_RETURN
31,PROPOSED,05 · planar rafter pairs,ROOF-RAFTER-PAIR-05,PLANAR_ROOF_RAFTER_PAIR,ROBOT_A_PLACEMENT,NF-RAF-05; NF-RAF-15,29.08,NF-PURLIN-01; NF-PURLIN-02; NF-PURLIN-03,ridge_internal_screw_qa,robot_site_fixing_qa,trajectories/ROOF-RAFTER-PAIR-05.json,WORKSHOP_ALIGN_NORTH_AND_SOUTH_RAFTERS_ON_REUSABLE_PLANAR_JIG → FASTEN_NOMINAL_RIDGE_SPLICE_AND_VERIFY_CONNECTED_PAIR → INSTALL_REUSABLE_TOP_LIFT_INTERFACE → SINGLE_ROBOT_PICK_TRANSFER_AND_SEAT_ON_PURLINS → SECOND_ROBOT_FASTEN_TO_PURLINS_WHILE_FIRST_HOLDS → OPEN_JAWS_REMOVE_LIFT_INTERFACE_AND_RETURN
32,PROPOSED,05 · planar rafter pairs,ROOF-RAFTER-PAIR-06,PLANAR_ROOF_RAFTER_PAIR,ROBOT_A_PLACEMENT,NF-RAF-06; NF-RAF-16,29.08,NF-PURLIN-01; NF-PURLIN-02; NF-PURLIN-03,ridge_internal_screw_qa,robot_site_fixing_qa,trajectories/ROOF-RAFTER-PAIR-06.json,WORKSHOP_ALIGN_NORTH_AND_SOUTH_RAFTERS_ON_REUSABLE_PLANAR_JIG → FASTEN_NOMINAL_RIDGE_SPLICE_AND_VERIFY_CONNECTED_PAIR → INSTALL_REUSABLE_TOP_LIFT_INTERFACE → SINGLE_ROBOT_PICK_TRANSFER_AND_SEAT_ON_PURLINS → SECOND_ROBOT_FASTEN_TO_PURLINS_WHILE_FIRST_HOLDS → OPEN_JAWS_REMOVE_LIFT_INTERFACE_AND_RETURN
33,PROPOSED,05 · planar rafter pairs,ROOF-RAFTER-PAIR-07,PLANAR_ROOF_RAFTER_PAIR,ROBOT_A_PLACEMENT,NF-RAF-07; NF-RAF-17,29.08,NF-PURLIN-01; NF-PURLIN-02; NF-PURLIN-03,ridge_internal_screw_qa,robot_site_fixing_qa,trajectories/ROOF-RAFTER-PAIR-07.json,WORKSHOP_ALIGN_NORTH_AND_SOUTH_RAFTERS_ON_REUSABLE_PLANAR_JIG → FASTEN_NOMINAL_RIDGE_SPLICE_AND_VERIFY_CONNECTED_PAIR → INSTALL_REUSABLE_TOP_LIFT_INTERFACE → SINGLE_ROBOT_PICK_TRANSFER_AND_SEAT_ON_PURLINS → SECOND_ROBOT_FASTEN_TO_PURLINS_WHILE_FIRST_HOLDS → OPEN_JAWS_REMOVE_LIFT_INTERFACE_AND_RETURN
34,PROPOSED,05 · planar rafter pairs,ROOF-RAFTER-PAIR-08,PLANAR_ROOF_RAFTER_PAIR,ROBOT_A_PLACEMENT,NF-RAF-08; NF-RAF-18,29.08,NF-PURLIN-01; NF-PURLIN-02; NF-PURLIN-03,ridge_internal_screw_qa,robot_site_fixing_qa,trajectories/ROOF-RAFTER-PAIR-08.json,WORKSHOP_ALIGN_NORTH_AND_SOUTH_RAFTERS_ON_REUSABLE_PLANAR_JIG → FASTEN_NOMINAL_RIDGE_SPLICE_AND_VERIFY_CONNECTED_PAIR → INSTALL_REUSABLE_TOP_LIFT_INTERFACE → SINGLE_ROBOT_PICK_TRANSFER_AND_SEAT_ON_PURLINS → SECOND_ROBOT_FASTEN_TO_PURLINS_WHILE_FIRST_HOLDS → OPEN_JAWS_REMOVE_LIFT_INTERFACE_AND_RETURN
35,PROPOSED,05 · planar rafter pairs,ROOF-RAFTER-PAIR-09,PLANAR_ROOF_RAFTER_PAIR,ROBOT_A_PLACEMENT,NF-RAF-09; NF-RAF-19,29.08,NF-PURLIN-01; NF-PURLIN-02; NF-PURLIN-03,ridge_internal_screw_qa,robot_site_fixing_qa,trajectories/ROOF-RAFTER-PAIR-09.json,WORKSHOP_ALIGN_NORTH_AND_SOUTH_RAFTERS_ON_REUSABLE_PLANAR_JIG → FASTEN_NOMINAL_RIDGE_SPLICE_AND_VERIFY_CONNECTED_PAIR → INSTALL_REUSABLE_TOP_LIFT_INTERFACE → SINGLE_ROBOT_PICK_TRANSFER_AND_SEAT_ON_PURLINS → SECOND_ROBOT_FASTEN_TO_PURLINS_WHILE_FIRST_HOLDS → OPEN_JAWS_REMOVE_LIFT_INTERFACE_AND_RETURN
36,PROPOSED,05 · planar rafter pairs,ROOF-RAFTER-PAIR-10,PLANAR_ROOF_RAFTER_PAIR,ROBOT_A_PLACEMENT,NF-RAF-10; NF-RAF-20,29.08,NF-PURLIN-01; NF-PURLIN-02; NF-PURLIN-03,ridge_internal_screw_qa,robot_site_fixing_qa,trajectories/ROOF-RAFTER-PAIR-10.json,WORKSHOP_ALIGN_NORTH_AND_SOUTH_RAFTERS_ON_REUSABLE_PLANAR_JIG → FASTEN_NOMINAL_RIDGE_SPLICE_AND_VERIFY_CONNECTED_PAIR → INSTALL_REUSABLE_TOP_LIFT_INTERFACE → SINGLE_ROBOT_PICK_TRANSFER_AND_SEAT_ON_PURLINS → SECOND_ROBOT_FASTEN_TO_PURLINS_WHILE_FIRST_HOLDS → OPEN_JAWS_REMOVE_LIFT_INTERFACE_AND_RETURN
37,PROPOSED,06 · roof skin panels,ROOF-SKIN-01-SOUTH-FULL,ROOF_COVER_PANEL,GUIDED_TWO_PERSON_EXTERIOR_PLATFORM_HAND_CARRY,NF-BATTEN-01; NF-BATTEN-02; NF-BATTEN-03; NF-BATTEN-04; NF-BATTEN-05; NF-COVER-08,22.26,ROOF-RAFTER-PAIR-01; ROOF-RAFTER-PAIR-02; ROOF-RAFTER-PAIR-03; ROOF-RAFTER-PAIR-04; ROOF-RAFTER-PAIR-05; ROOF-RAFTER-PAIR-06; ROOF-RAFTER-PAIR-07; ROOF-RAFTER-PAIR-08; ROOF-RAFTER-PAIR-09; ROOF-RAFTER-PAIR-10,roof_skin_fixing_qa,roof_skin_fixing_qa,,ASSEMBLE_SHORT_COVER_AND_BATTEN_PANEL_OFFSITE_WITH_NAMED_SCREWS → TWO_PERSON_CARRY_ONE_PANEL_VIA_GUARDED_EXTERIOR_SCAFFOLD_STAIR_TO_REUSABLE_EAVE_STAND → FROM_GUARDED_PLATFORM_GUIDE_PANEL_ALONG_SOURCE_SOLID_CLEAR_STRAIGHT_SLIDE → DRIVE_NAMED_SITE_SCREWS_THROUGH_COVER_AND_BATTEN_INTO_RAFTERS → CHECK_SEATED_PANEL_AND_SEAL_EXPOSED_LAPS_BEFORE_RELEASING_HAND_SUPPORT
38,PROPOSED,06 · roof skin panels,ROOF-SKIN-01-NORTH-FULL,ROOF_COVER_PANEL,GUIDED_TWO_PERSON_EXTERIOR_PLATFORM_HAND_CARRY,NF-BATTEN-06; NF-BATTEN-07; NF-BATTEN-08; NF-BATTEN-09; NF-BATTEN-10; NF-COVER-01,21.37,ROOF-RAFTER-PAIR-01; ROOF-RAFTER-PAIR-02; ROOF-RAFTER-PAIR-03; ROOF-RAFTER-PAIR-04; ROOF-RAFTER-PAIR-05; ROOF-RAFTER-PAIR-06; ROOF-RAFTER-PAIR-07; ROOF-RAFTER-PAIR-08; ROOF-RAFTER-PAIR-09; ROOF-RAFTER-PAIR-10,roof_skin_fixing_qa,roof_skin_fixing_qa,,ASSEMBLE_SHORT_COVER_AND_BATTEN_PANEL_OFFSITE_WITH_NAMED_SCREWS → TWO_PERSON_CARRY_ONE_PANEL_VIA_GUARDED_EXTERIOR_SCAFFOLD_STAIR_TO_REUSABLE_EAVE_STAND → FROM_GUARDED_PLATFORM_GUIDE_PANEL_ALONG_SOURCE_SOLID_CLEAR_STRAIGHT_SLIDE → DRIVE_NAMED_SITE_SCREWS_THROUGH_COVER_AND_BATTEN_INTO_RAFTERS → CHECK_SEATED_PANEL_AND_SEAL_EXPOSED_LAPS_BEFORE_RELEASING_HAND_SUPPORT
39,PROPOSED,06 · roof skin panels,ROOF-SKIN-02-SOUTH-WEST,ROOF_COVER_PANEL,GUIDED_TWO_PERSON_EXTERIOR_PLATFORM_HAND_CARRY,NF-BATTEN-01; NF-BATTEN-02; NF-BATTEN-03; NF-BATTEN-04; NF-BATTEN-05; NF-COVER-08,25.98,ROOF-RAFTER-PAIR-01; ROOF-RAFTER-PAIR-02; ROOF-RAFTER-PAIR-03; ROOF-RAFTER-PAIR-04; ROOF-RAFTER-PAIR-05; ROOF-RAFTER-PAIR-06; ROOF-RAFTER-PAIR-07; ROOF-RAFTER-PAIR-08; ROOF-RAFTER-PAIR-09; ROOF-RAFTER-PAIR-10,roof_skin_fixing_qa,roof_skin_fixing_qa,,ASSEMBLE_SHORT_COVER_AND_BATTEN_PANEL_OFFSITE_WITH_NAMED_SCREWS → TWO_PERSON_CARRY_ONE_PANEL_VIA_GUARDED_EXTERIOR_SCAFFOLD_STAIR_TO_REUSABLE_EAVE_STAND → FROM_GUARDED_PLATFORM_GUIDE_PANEL_ALONG_SOURCE_SOLID_CLEAR_STRAIGHT_SLIDE → DRIVE_NAMED_SITE_SCREWS_THROUGH_COVER_AND_BATTEN_INTO_RAFTERS → CHECK_SEATED_PANEL_AND_SEAL_EXPOSED_LAPS_BEFORE_RELEASING_HAND_SUPPORT
40,PROPOSED,06 · roof skin panels,ROOF-SKIN-02-SOUTH-EAST,ROOF_COVER_PANEL,GUIDED_TWO_PERSON_EXTERIOR_PLATFORM_HAND_CARRY,NF-BATTEN-01; NF-BATTEN-02; NF-BATTEN-03; NF-BATTEN-04; NF-BATTEN-05; NF-COVER-07; NF-COVER-08,28.04,ROOF-RAFTER-PAIR-01; ROOF-RAFTER-PAIR-02; ROOF-RAFTER-PAIR-03; ROOF-RAFTER-PAIR-04; ROOF-RAFTER-PAIR-05; ROOF-RAFTER-PAIR-06; ROOF-RAFTER-PAIR-07; ROOF-RAFTER-PAIR-08; ROOF-RAFTER-PAIR-09; ROOF-RAFTER-PAIR-10,roof_skin_fixing_qa,roof_skin_fixing_qa,,ASSEMBLE_SHORT_COVER_AND_BATTEN_PANEL_OFFSITE_WITH_NAMED_SCREWS → TWO_PERSON_CARRY_ONE_PANEL_VIA_GUARDED_EXTERIOR_SCAFFOLD_STAIR_TO_REUSABLE_EAVE_STAND → FROM_GUARDED_PLATFORM_GUIDE_PANEL_ALONG_SOURCE_SOLID_CLEAR_STRAIGHT_SLIDE → DRIVE_NAMED_SITE_SCREWS_THROUGH_COVER_AND_BATTEN_INTO_RAFTERS → CHECK_SEATED_PANEL_AND_SEAL_EXPOSED_LAPS_BEFORE_RELEASING_HAND_SUPPORT
41,PROPOSED,06 · roof skin panels,ROOF-SKIN-02-NORTH-WEST,ROOF_COVER_PANEL,GUIDED_TWO_PERSON_EXTERIOR_PLATFORM_HAND_CARRY,NF-BATTEN-06; NF-BATTEN-07; NF-BATTEN-08; NF-BATTEN-09; NF-BATTEN-10; NF-COVER-01; NF-COVER-02,32.58,ROOF-RAFTER-PAIR-01; ROOF-RAFTER-PAIR-02; ROOF-RAFTER-PAIR-03; ROOF-RAFTER-PAIR-04; ROOF-RAFTER-PAIR-05; ROOF-RAFTER-PAIR-06; ROOF-RAFTER-PAIR-07; ROOF-RAFTER-PAIR-08; ROOF-RAFTER-PAIR-09; ROOF-RAFTER-PAIR-10,roof_skin_fixing_qa,roof_skin_fixing_qa,,ASSEMBLE_SHORT_COVER_AND_BATTEN_PANEL_OFFSITE_WITH_NAMED_SCREWS → TWO_PERSON_CARRY_ONE_PANEL_VIA_GUARDED_EXTERIOR_SCAFFOLD_STAIR_TO_REUSABLE_EAVE_STAND → FROM_GUARDED_PLATFORM_GUIDE_PANEL_ALONG_SOURCE_SOLID_CLEAR_STRAIGHT_SLIDE → DRIVE_NAMED_SITE_SCREWS_THROUGH_COVER_AND_BATTEN_INTO_RAFTERS → CHECK_SEATED_PANEL_AND_SEAL_EXPOSED_LAPS_BEFORE_RELEASING_HAND_SUPPORT
42,PROPOSED,06 · roof skin panels,ROOF-SKIN-02-NORTH-EAST,ROOF_COVER_PANEL,GUIDED_TWO_PERSON_EXTERIOR_PLATFORM_HAND_CARRY,NF-BATTEN-06; NF-BATTEN-07; NF-BATTEN-08; NF-BATTEN-09; NF-BATTEN-10; NF-COVER-01; NF-COVER-02,27.47,ROOF-RAFTER-PAIR-01; ROOF-RAFTER-PAIR-02; ROOF-RAFTER-PAIR-03; ROOF-RAFTER-PAIR-04; ROOF-RAFTER-PAIR-05; ROOF-RAFTER-PAIR-06; ROOF-RAFTER-PAIR-07; ROOF-RAFTER-PAIR-08; ROOF-RAFTER-PAIR-09; ROOF-RAFTER-PAIR-10,roof_skin_fixing_qa,roof_skin_fixing_qa,,ASSEMBLE_SHORT_COVER_AND_BATTEN_PANEL_OFFSITE_WITH_NAMED_SCREWS → TWO_PERSON_CARRY_ONE_PANEL_VIA_GUARDED_EXTERIOR_SCAFFOLD_STAIR_TO_REUSABLE_EAVE_STAND → FROM_GUARDED_PLATFORM_GUIDE_PANEL_ALONG_SOURCE_SOLID_CLEAR_STRAIGHT_SLIDE → DRIVE_NAMED_SITE_SCREWS_THROUGH_COVER_AND_BATTEN_INTO_RAFTERS → CHECK_SEATED_PANEL_AND_SEAL_EXPOSED_LAPS_BEFORE_RELEASING_HAND_SUPPORT
43,PROPOSED,06 · roof skin panels,ROOF-SKIN-03-SOUTH-WEST,ROOF_COVER_PANEL,GUIDED_TWO_PERSON_EXTERIOR_PLATFORM_HAND_CARRY,NF-BATTEN-01; NF-BATTEN-02; NF-BATTEN-03; NF-BATTEN-04; NF-BATTEN-05; NF-COVER-07,25.96,ROOF-RAFTER-PAIR-01; ROOF-RAFTER-PAIR-02; ROOF-RAFTER-PAIR-03; ROOF-RAFTER-PAIR-04; ROOF-RAFTER-PAIR-05; ROOF-RAFTER-PAIR-06; ROOF-RAFTER-PAIR-07; ROOF-RAFTER-PAIR-08; ROOF-RAFTER-PAIR-09; ROOF-RAFTER-PAIR-10,roof_skin_fixing_qa,roof_skin_fixing_qa,,ASSEMBLE_SHORT_COVER_AND_BATTEN_PANEL_OFFSITE_WITH_NAMED_SCREWS → TWO_PERSON_CARRY_ONE_PANEL_VIA_GUARDED_EXTERIOR_SCAFFOLD_STAIR_TO_REUSABLE_EAVE_STAND → FROM_GUARDED_PLATFORM_GUIDE_PANEL_ALONG_SOURCE_SOLID_CLEAR_STRAIGHT_SLIDE → DRIVE_NAMED_SITE_SCREWS_THROUGH_COVER_AND_BATTEN_INTO_RAFTERS → CHECK_SEATED_PANEL_AND_SEAL_EXPOSED_LAPS_BEFORE_RELEASING_HAND_SUPPORT
44,PROPOSED,06 · roof skin panels,ROOF-SKIN-03-SOUTH-EAST,ROOF_COVER_PANEL,GUIDED_TWO_PERSON_EXTERIOR_PLATFORM_HAND_CARRY,NF-BATTEN-01; NF-BATTEN-02; NF-BATTEN-03; NF-BATTEN-04; NF-BATTEN-05; NF-COVER-07,25.94,ROOF-RAFTER-PAIR-01; ROOF-RAFTER-PAIR-02; ROOF-RAFTER-PAIR-03; ROOF-RAFTER-PAIR-04; ROOF-RAFTER-PAIR-05; ROOF-RAFTER-PAIR-06; ROOF-RAFTER-PAIR-07; ROOF-RAFTER-PAIR-08; ROOF-RAFTER-PAIR-09; ROOF-RAFTER-PAIR-10,roof_skin_fixing_qa,roof_skin_fixing_qa,,ASSEMBLE_SHORT_COVER_AND_BATTEN_PANEL_OFFSITE_WITH_NAMED_SCREWS → TWO_PERSON_CARRY_ONE_PANEL_VIA_GUARDED_EXTERIOR_SCAFFOLD_STAIR_TO_REUSABLE_EAVE_STAND → FROM_GUARDED_PLATFORM_GUIDE_PANEL_ALONG_SOURCE_SOLID_CLEAR_STRAIGHT_SLIDE → DRIVE_NAMED_SITE_SCREWS_THROUGH_COVER_AND_BATTEN_INTO_RAFTERS → CHECK_SEATED_PANEL_AND_SEAL_EXPOSED_LAPS_BEFORE_RELEASING_HAND_SUPPORT
45,PROPOSED,06 · roof skin panels,ROOF-SKIN-03-NORTH-WEST,ROOF_COVER_PANEL,GUIDED_TWO_PERSON_EXTERIOR_PLATFORM_HAND_CARRY,NF-BATTEN-06; NF-BATTEN-07; NF-BATTEN-08; NF-BATTEN-09; NF-BATTEN-10; NF-COVER-02,24.98,ROOF-RAFTER-PAIR-01; ROOF-RAFTER-PAIR-02; ROOF-RAFTER-PAIR-03; ROOF-RAFTER-PAIR-04; ROOF-RAFTER-PAIR-05; ROOF-RAFTER-PAIR-06; ROOF-RAFTER-PAIR-07; ROOF-RAFTER-PAIR-08; ROOF-RAFTER-PAIR-09; ROOF-RAFTER-PAIR-10,roof_skin_fixing_qa,roof_skin_fixing_qa,,ASSEMBLE_SHORT_COVER_AND_BATTEN_PANEL_OFFSITE_WITH_NAMED_SCREWS → TWO_PERSON_CARRY_ONE_PANEL_VIA_GUARDED_EXTERIOR_SCAFFOLD_STAIR_TO_REUSABLE_EAVE_STAND → FROM_GUARDED_PLATFORM_GUIDE_PANEL_ALONG_SOURCE_SOLID_CLEAR_STRAIGHT_SLIDE → DRIVE_NAMED_SITE_SCREWS_THROUGH_COVER_AND_BATTEN_INTO_RAFTERS → CHECK_SEATED_PANEL_AND_SEAL_EXPOSED_LAPS_BEFORE_RELEASING_HAND_SUPPORT
46,PROPOSED,06 · roof skin panels,ROOF-SKIN-03-NORTH-EAST,ROOF_COVER_PANEL,GUIDED_TWO_PERSON_EXTERIOR_PLATFORM_HAND_CARRY,NF-BATTEN-06; NF-BATTEN-07; NF-BATTEN-08; NF-BATTEN-09; NF-BATTEN-10; NF-COVER-02; NF-COVER-03,25.25,ROOF-RAFTER-PAIR-01; ROOF-RAFTER-PAIR-02; ROOF-RAFTER-PAIR-03; ROOF-RAFTER-PAIR-04; ROOF-RAFTER-PAIR-05; ROOF-RAFTER-PAIR-06; ROOF-RAFTER-PAIR-07; ROOF-RAFTER-PAIR-08; ROOF-RAFTER-PAIR-09; ROOF-RAFTER-PAIR-10,roof_skin_fixing_qa,roof_skin_fixing_qa,,ASSEMBLE_SHORT_COVER_AND_BATTEN_PANEL_OFFSITE_WITH_NAMED_SCREWS → TWO_PERSON_CARRY_ONE_PANEL_VIA_GUARDED_EXTERIOR_SCAFFOLD_STAIR_TO_REUSABLE_EAVE_STAND → FROM_GUARDED_PLATFORM_GUIDE_PANEL_ALONG_SOURCE_SOLID_CLEAR_STRAIGHT_SLIDE → DRIVE_NAMED_SITE_SCREWS_THROUGH_COVER_AND_BATTEN_INTO_RAFTERS → CHECK_SEATED_PANEL_AND_SEAL_EXPOSED_LAPS_BEFORE_RELEASING_HAND_SUPPORT
47,PROPOSED,06 · roof skin panels,ROOF-SKIN-04-SOUTH-WEST,ROOF_COVER_PANEL,GUIDED_TWO_PERSON_EXTERIOR_PLATFORM_HAND_CARRY,NF-BATTEN-01; NF-BATTEN-02; NF-BATTEN-03; NF-BATTEN-04; NF-BATTEN-05; NF-COVER-06; NF-COVER-07,25.99,ROOF-RAFTER-PAIR-01; ROOF-RAFTER-PAIR-02; ROOF-RAFTER-PAIR-03; ROOF-RAFTER-PAIR-04; ROOF-RAFTER-PAIR-05; ROOF-RAFTER-PAIR-06; ROOF-RAFTER-PAIR-07; ROOF-RAFTER-PAIR-08; ROOF-RAFTER-PAIR-09; ROOF-RAFTER-PAIR-10,roof_skin_fixing_qa,roof_skin_fixing_qa,,ASSEMBLE_SHORT_COVER_AND_BATTEN_PANEL_OFFSITE_WITH_NAMED_SCREWS → TWO_PERSON_CARRY_ONE_PANEL_VIA_GUARDED_EXTERIOR_SCAFFOLD_STAIR_TO_REUSABLE_EAVE_STAND → FROM_GUARDED_PLATFORM_GUIDE_PANEL_ALONG_SOURCE_SOLID_CLEAR_STRAIGHT_SLIDE → DRIVE_NAMED_SITE_SCREWS_THROUGH_COVER_AND_BATTEN_INTO_RAFTERS → CHECK_SEATED_PANEL_AND_SEAL_EXPOSED_LAPS_BEFORE_RELEASING_HAND_SUPPORT
48,PROPOSED,06 · roof skin panels,ROOF-SKIN-04-SOUTH-EAST,ROOF_COVER_PANEL,GUIDED_TWO_PERSON_EXTERIOR_PLATFORM_HAND_CARRY,NF-BATTEN-01; NF-BATTEN-02; NF-BATTEN-03; NF-BATTEN-04; NF-BATTEN-05; NF-COVER-06,25.98,ROOF-RAFTER-PAIR-01; ROOF-RAFTER-PAIR-02; ROOF-RAFTER-PAIR-03; ROOF-RAFTER-PAIR-04; ROOF-RAFTER-PAIR-05; ROOF-RAFTER-PAIR-06; ROOF-RAFTER-PAIR-07; ROOF-RAFTER-PAIR-08; ROOF-RAFTER-PAIR-09; ROOF-RAFTER-PAIR-10,roof_skin_fixing_qa,roof_skin_fixing_qa,,ASSEMBLE_SHORT_COVER_AND_BATTEN_PANEL_OFFSITE_WITH_NAMED_SCREWS → TWO_PERSON_CARRY_ONE_PANEL_VIA_GUARDED_EXTERIOR_SCAFFOLD_STAIR_TO_REUSABLE_EAVE_STAND → FROM_GUARDED_PLATFORM_GUIDE_PANEL_ALONG_SOURCE_SOLID_CLEAR_STRAIGHT_SLIDE → DRIVE_NAMED_SITE_SCREWS_THROUGH_COVER_AND_BATTEN_INTO_RAFTERS → CHECK_SEATED_PANEL_AND_SEAL_EXPOSED_LAPS_BEFORE_RELEASING_HAND_SUPPORT
49,PROPOSED,06 · roof skin panels,ROOF-SKIN-04-NORTH-WEST,ROOF_COVER_PANEL,GUIDED_TWO_PERSON_EXTERIOR_PLATFORM_HAND_CARRY,NF-BATTEN-06; NF-BATTEN-07; NF-BATTEN-08; NF-BATTEN-09; NF-BATTEN-10; NF-COVER-03,24.93,ROOF-RAFTER-PAIR-01; ROOF-RAFTER-PAIR-02; ROOF-RAFTER-PAIR-03; ROOF-RAFTER-PAIR-04; ROOF-RAFTER-PAIR-05; ROOF-RAFTER-PAIR-06; ROOF-RAFTER-PAIR-07; ROOF-RAFTER-PAIR-08; ROOF-RAFTER-PAIR-09; ROOF-RAFTER-PAIR-10,roof_skin_fixing_qa,roof_skin_fixing_qa,,ASSEMBLE_SHORT_COVER_AND_BATTEN_PANEL_OFFSITE_WITH_NAMED_SCREWS → TWO_PERSON_CARRY_ONE_PANEL_VIA_GUARDED_EXTERIOR_SCAFFOLD_STAIR_TO_REUSABLE_EAVE_STAND → FROM_GUARDED_PLATFORM_GUIDE_PANEL_ALONG_SOURCE_SOLID_CLEAR_STRAIGHT_SLIDE → DRIVE_NAMED_SITE_SCREWS_THROUGH_COVER_AND_BATTEN_INTO_RAFTERS → CHECK_SEATED_PANEL_AND_SEAL_EXPOSED_LAPS_BEFORE_RELEASING_HAND_SUPPORT
50,PROPOSED,06 · roof skin panels,ROOF-SKIN-04-NORTH-EAST,ROOF_COVER_PANEL,GUIDED_TWO_PERSON_EXTERIOR_PLATFORM_HAND_CARRY,NF-BATTEN-06; NF-BATTEN-07; NF-BATTEN-08; NF-BATTEN-09; NF-BATTEN-10; NF-COVER-03,25.03,ROOF-RAFTER-PAIR-01; ROOF-RAFTER-PAIR-02; ROOF-RAFTER-PAIR-03; ROOF-RAFTER-PAIR-04; ROOF-RAFTER-PAIR-05; ROOF-RAFTER-PAIR-06; ROOF-RAFTER-PAIR-07; ROOF-RAFTER-PAIR-08; ROOF-RAFTER-PAIR-09; ROOF-RAFTER-PAIR-10,roof_skin_fixing_qa,roof_skin_fixing_qa,,ASSEMBLE_SHORT_COVER_AND_BATTEN_PANEL_OFFSITE_WITH_NAMED_SCREWS → TWO_PERSON_CARRY_ONE_PANEL_VIA_GUARDED_EXTERIOR_SCAFFOLD_STAIR_TO_REUSABLE_EAVE_STAND → FROM_GUARDED_PLATFORM_GUIDE_PANEL_ALONG_SOURCE_SOLID_CLEAR_STRAIGHT_SLIDE → DRIVE_NAMED_SITE_SCREWS_THROUGH_COVER_AND_BATTEN_INTO_RAFTERS → CHECK_SEATED_PANEL_AND_SEAL_EXPOSED_LAPS_BEFORE_RELEASING_HAND_SUPPORT
51,PROPOSED,06 · roof skin panels,ROOF-SKIN-05-SOUTH-WEST,ROOF_COVER_PANEL,GUIDED_TWO_PERSON_EXTERIOR_PLATFORM_HAND_CARRY,NF-BATTEN-01; NF-BATTEN-02; NF-BATTEN-03; NF-BATTEN-04; NF-BATTEN-05; NF-COVER-05; NF-COVER-06,28.38,ROOF-RAFTER-PAIR-01; ROOF-RAFTER-PAIR-02; ROOF-RAFTER-PAIR-03; ROOF-RAFTER-PAIR-04; ROOF-RAFTER-PAIR-05; ROOF-RAFTER-PAIR-06; ROOF-RAFTER-PAIR-07; ROOF-RAFTER-PAIR-08; ROOF-RAFTER-PAIR-09; ROOF-RAFTER-PAIR-10,roof_skin_fixing_qa,roof_skin_fixing_qa,,ASSEMBLE_SHORT_COVER_AND_BATTEN_PANEL_OFFSITE_WITH_NAMED_SCREWS → TWO_PERSON_CARRY_ONE_PANEL_VIA_GUARDED_EXTERIOR_SCAFFOLD_STAIR_TO_REUSABLE_EAVE_STAND → FROM_GUARDED_PLATFORM_GUIDE_PANEL_ALONG_SOURCE_SOLID_CLEAR_STRAIGHT_SLIDE → DRIVE_NAMED_SITE_SCREWS_THROUGH_COVER_AND_BATTEN_INTO_RAFTERS → CHECK_SEATED_PANEL_AND_SEAL_EXPOSED_LAPS_BEFORE_RELEASING_HAND_SUPPORT
52,PROPOSED,06 · roof skin panels,ROOF-SKIN-05-SOUTH-EAST,ROOF_COVER_PANEL,GUIDED_TWO_PERSON_EXTERIOR_PLATFORM_HAND_CARRY,NF-BATTEN-01; NF-BATTEN-02; NF-BATTEN-03; NF-BATTEN-04; NF-BATTEN-05; NF-COVER-05; NF-COVER-06,34.08,ROOF-RAFTER-PAIR-01; ROOF-RAFTER-PAIR-02; ROOF-RAFTER-PAIR-03; ROOF-RAFTER-PAIR-04; ROOF-RAFTER-PAIR-05; ROOF-RAFTER-PAIR-06; ROOF-RAFTER-PAIR-07; ROOF-RAFTER-PAIR-08; ROOF-RAFTER-PAIR-09; ROOF-RAFTER-PAIR-10,roof_skin_fixing_qa,roof_skin_fixing_qa,,ASSEMBLE_SHORT_COVER_AND_BATTEN_PANEL_OFFSITE_WITH_NAMED_SCREWS → TWO_PERSON_CARRY_ONE_PANEL_VIA_GUARDED_EXTERIOR_SCAFFOLD_STAIR_TO_REUSABLE_EAVE_STAND → FROM_GUARDED_PLATFORM_GUIDE_PANEL_ALONG_SOURCE_SOLID_CLEAR_STRAIGHT_SLIDE → DRIVE_NAMED_SITE_SCREWS_THROUGH_COVER_AND_BATTEN_INTO_RAFTERS → CHECK_SEATED_PANEL_AND_SEAL_EXPOSED_LAPS_BEFORE_RELEASING_HAND_SUPPORT
53,PROPOSED,06 · roof skin panels,ROOF-SKIN-05-NORTH-WEST,ROOF_COVER_PANEL,GUIDED_TWO_PERSON_EXTERIOR_PLATFORM_HAND_CARRY,NF-BATTEN-06; NF-BATTEN-07; NF-BATTEN-08; NF-BATTEN-09; NF-BATTEN-10; NF-COVER-03; NF-COVER-04,27.0,ROOF-RAFTER-PAIR-01; ROOF-RAFTER-PAIR-02; ROOF-RAFTER-PAIR-03; ROOF-RAFTER-PAIR-04; ROOF-RAFTER-PAIR-05; ROOF-RAFTER-PAIR-06; ROOF-RAFTER-PAIR-07; ROOF-RAFTER-PAIR-08; ROOF-RAFTER-PAIR-09; ROOF-RAFTER-PAIR-10,roof_skin_fixing_qa,roof_skin_fixing_qa,,ASSEMBLE_SHORT_COVER_AND_BATTEN_PANEL_OFFSITE_WITH_NAMED_SCREWS → TWO_PERSON_CARRY_ONE_PANEL_VIA_GUARDED_EXTERIOR_SCAFFOLD_STAIR_TO_REUSABLE_EAVE_STAND → FROM_GUARDED_PLATFORM_GUIDE_PANEL_ALONG_SOURCE_SOLID_CLEAR_STRAIGHT_SLIDE → DRIVE_NAMED_SITE_SCREWS_THROUGH_COVER_AND_BATTEN_INTO_RAFTERS → CHECK_SEATED_PANEL_AND_SEAL_EXPOSED_LAPS_BEFORE_RELEASING_HAND_SUPPORT
54,PROPOSED,06 · roof skin panels,ROOF-SKIN-05-NORTH-EAST,ROOF_COVER_PANEL,GUIDED_TWO_PERSON_EXTERIOR_PLATFORM_HAND_CARRY,NF-BATTEN-06; NF-BATTEN-07; NF-BATTEN-08; NF-BATTEN-09; NF-BATTEN-10; NF-COVER-04,25.01,ROOF-RAFTER-PAIR-01; ROOF-RAFTER-PAIR-02; ROOF-RAFTER-PAIR-03; ROOF-RAFTER-PAIR-04; ROOF-RAFTER-PAIR-05; ROOF-RAFTER-PAIR-06; ROOF-RAFTER-PAIR-07; ROOF-RAFTER-PAIR-08; ROOF-RAFTER-PAIR-09; ROOF-RAFTER-PAIR-10,roof_skin_fixing_qa,roof_skin_fixing_qa,,ASSEMBLE_SHORT_COVER_AND_BATTEN_PANEL_OFFSITE_WITH_NAMED_SCREWS → TWO_PERSON_CARRY_ONE_PANEL_VIA_GUARDED_EXTERIOR_SCAFFOLD_STAIR_TO_REUSABLE_EAVE_STAND → FROM_GUARDED_PLATFORM_GUIDE_PANEL_ALONG_SOURCE_SOLID_CLEAR_STRAIGHT_SLIDE → DRIVE_NAMED_SITE_SCREWS_THROUGH_COVER_AND_BATTEN_INTO_RAFTERS → CHECK_SEATED_PANEL_AND_SEAL_EXPOSED_LAPS_BEFORE_RELEASING_HAND_SUPPORT
55,PROPOSED,06 · roof skin panels,ROOF-SKIN-06-SOUTH-FULL,ROOF_COVER_PANEL,GUIDED_TWO_PERSON_EXTERIOR_PLATFORM_HAND_CARRY,NF-BATTEN-01; NF-BATTEN-02; NF-BATTEN-03; NF-BATTEN-04; NF-BATTEN-05; NF-COVER-05,23.29,ROOF-RAFTER-PAIR-01; ROOF-RAFTER-PAIR-02; ROOF-RAFTER-PAIR-03; ROOF-RAFTER-PAIR-04; ROOF-RAFTER-PAIR-05; ROOF-RAFTER-PAIR-06; ROOF-RAFTER-PAIR-07; ROOF-RAFTER-PAIR-08; ROOF-RAFTER-PAIR-09; ROOF-RAFTER-PAIR-10,roof_skin_fixing_qa,roof_skin_fixing_qa,,ASSEMBLE_SHORT_COVER_AND_BATTEN_PANEL_OFFSITE_WITH_NAMED_SCREWS → TWO_PERSON_CARRY_ONE_PANEL_VIA_GUARDED_EXTERIOR_SCAFFOLD_STAIR_TO_REUSABLE_EAVE_STAND → FROM_GUARDED_PLATFORM_GUIDE_PANEL_ALONG_SOURCE_SOLID_CLEAR_STRAIGHT_SLIDE → DRIVE_NAMED_SITE_SCREWS_THROUGH_COVER_AND_BATTEN_INTO_RAFTERS → CHECK_SEATED_PANEL_AND_SEAL_EXPOSED_LAPS_BEFORE_RELEASING_HAND_SUPPORT
56,PROPOSED,06 · roof skin panels,ROOF-SKIN-06-NORTH-FULL,ROOF_COVER_PANEL,GUIDED_TWO_PERSON_EXTERIOR_PLATFORM_HAND_CARRY,NF-BATTEN-06; NF-BATTEN-07; NF-BATTEN-08; NF-BATTEN-09; NF-BATTEN-10; NF-COVER-04,22.53,ROOF-RAFTER-PAIR-01; ROOF-RAFTER-PAIR-02; ROOF-RAFTER-PAIR-03; ROOF-RAFTER-PAIR-04; ROOF-RAFTER-PAIR-05; ROOF-RAFTER-PAIR-06; ROOF-RAFTER-PAIR-07; ROOF-RAFTER-PAIR-08; ROOF-RAFTER-PAIR-09; ROOF-RAFTER-PAIR-10,roof_skin_fixing_qa,roof_skin_fixing_qa,,ASSEMBLE_SHORT_COVER_AND_BATTEN_PANEL_OFFSITE_WITH_NAMED_SCREWS → TWO_PERSON_CARRY_ONE_PANEL_VIA_GUARDED_EXTERIOR_SCAFFOLD_STAIR_TO_REUSABLE_EAVE_STAND → FROM_GUARDED_PLATFORM_GUIDE_PANEL_ALONG_SOURCE_SOLID_CLEAR_STRAIGHT_SLIDE → DRIVE_NAMED_SITE_SCREWS_THROUGH_COVER_AND_BATTEN_INTO_RAFTERS → CHECK_SEATED_PANEL_AND_SEAL_EXPOSED_LAPS_BEFORE_RELEASING_HAND_SUPPORT
57,PROPOSED,07 · ridge closures,ROOF-RIDGE-CAP-01,GUIDED_RIDGE_CAP,GUIDED_TWO_PERSON_FROM_ONE_REUSABLE_DECK_WORK_PLATFORM,NF-COVER-01; NF-COVER-08,2.52,ROOF-SKIN-01-SOUTH-FULL; ROOF-SKIN-01-NORTH-FULL; ROOF-SKIN-02-SOUTH-WEST; ROOF-SKIN-02-SOUTH-EAST; ROOF-SKIN-02-NORTH-WEST; ROOF-SKIN-02-NORTH-EAST; ROOF-SKIN-03-SOUTH-WEST; ROOF-SKIN-03-SOUTH-EAST; ROOF-SKIN-03-NORTH-WEST; ROOF-SKIN-03-NORTH-EAST; ROOF-SKIN-04-SOUTH-WEST; ROOF-SKIN-04-SOUTH-EAST; ROOF-SKIN-04-NORTH-WEST; ROOF-SKIN-04-NORTH-EAST; ROOF-SKIN-05-SOUTH-WEST; ROOF-SKIN-05-SOUTH-EAST; ROOF-SKIN-05-NORTH-WEST; ROOF-SKIN-05-NORTH-EAST; ROOF-SKIN-06-SOUTH-FULL; ROOF-SKIN-06-NORTH-FULL,,ridge_cap_fixing_qa,,MOVE_ONE_REUSABLE_WORK_PLATFORM_ON_FINISHED_DECK_WITH_GUARDED_ACCESS → CARRY_NARROW_CAP_PIECES_INDIVIDUALLY_FROM_WORKSHOP → REGISTER_CAP_FRAGMENTS_OVER_PREVIOUSLY_FIXED_SLOPES → FASTEN_EACH_FRAGMENT_TO_NAMED_RAFTER_OR_RIDGE_PURLIN_HOSTS → SEAL_RIDGE_LAPS_AND_CHECK_EACH_PIECE_BEFORE_RELEASING_HAND_SUPPORT
58,PROPOSED,07 · ridge closures,ROOF-RIDGE-CAP-02,GUIDED_RIDGE_CAP,GUIDED_TWO_PERSON_FROM_ONE_REUSABLE_DECK_WORK_PLATFORM,NF-COVER-01; NF-COVER-02; NF-COVER-07; NF-COVER-08,6.78,ROOF-SKIN-01-SOUTH-FULL; ROOF-SKIN-01-NORTH-FULL; ROOF-SKIN-02-SOUTH-WEST; ROOF-SKIN-02-SOUTH-EAST; ROOF-SKIN-02-NORTH-WEST; ROOF-SKIN-02-NORTH-EAST; ROOF-SKIN-03-SOUTH-WEST; ROOF-SKIN-03-SOUTH-EAST; ROOF-SKIN-03-NORTH-WEST; ROOF-SKIN-03-NORTH-EAST; ROOF-SKIN-04-SOUTH-WEST; ROOF-SKIN-04-SOUTH-EAST; ROOF-SKIN-04-NORTH-WEST; ROOF-SKIN-04-NORTH-EAST; ROOF-SKIN-05-SOUTH-WEST; ROOF-SKIN-05-SOUTH-EAST; ROOF-SKIN-05-NORTH-WEST; ROOF-SKIN-05-NORTH-EAST; ROOF-SKIN-06-SOUTH-FULL; ROOF-SKIN-06-NORTH-FULL,,ridge_cap_fixing_qa,,MOVE_ONE_REUSABLE_WORK_PLATFORM_ON_FINISHED_DECK_WITH_GUARDED_ACCESS → CARRY_NARROW_CAP_PIECES_INDIVIDUALLY_FROM_WORKSHOP → REGISTER_CAP_FRAGMENTS_OVER_PREVIOUSLY_FIXED_SLOPES → FASTEN_EACH_FRAGMENT_TO_NAMED_RAFTER_OR_RIDGE_PURLIN_HOSTS → SEAL_RIDGE_LAPS_AND_CHECK_EACH_PIECE_BEFORE_RELEASING_HAND_SUPPORT
59,PROPOSED,07 · ridge closures,ROOF-RIDGE-CAP-03,GUIDED_RIDGE_CAP,GUIDED_TWO_PERSON_FROM_ONE_REUSABLE_DECK_WORK_PLATFORM,NF-COVER-02; NF-COVER-03; NF-COVER-07,5.9,ROOF-SKIN-01-SOUTH-FULL; ROOF-SKIN-01-NORTH-FULL; ROOF-SKIN-02-SOUTH-WEST; ROOF-SKIN-02-SOUTH-EAST; ROOF-SKIN-02-NORTH-WEST; ROOF-SKIN-02-NORTH-EAST; ROOF-SKIN-03-SOUTH-WEST; ROOF-SKIN-03-SOUTH-EAST; ROOF-SKIN-03-NORTH-WEST; ROOF-SKIN-03-NORTH-EAST; ROOF-SKIN-04-SOUTH-WEST; ROOF-SKIN-04-SOUTH-EAST; ROOF-SKIN-04-NORTH-WEST; ROOF-SKIN-04-NORTH-EAST; ROOF-SKIN-05-SOUTH-WEST; ROOF-SKIN-05-SOUTH-EAST; ROOF-SKIN-05-NORTH-WEST; ROOF-SKIN-05-NORTH-EAST; ROOF-SKIN-06-SOUTH-FULL; ROOF-SKIN-06-NORTH-FULL,,ridge_cap_fixing_qa,,MOVE_ONE_REUSABLE_WORK_PLATFORM_ON_FINISHED_DECK_WITH_GUARDED_ACCESS → CARRY_NARROW_CAP_PIECES_INDIVIDUALLY_FROM_WORKSHOP → REGISTER_CAP_FRAGMENTS_OVER_PREVIOUSLY_FIXED_SLOPES → FASTEN_EACH_FRAGMENT_TO_NAMED_RAFTER_OR_RIDGE_PURLIN_HOSTS → SEAL_RIDGE_LAPS_AND_CHECK_EACH_PIECE_BEFORE_RELEASING_HAND_SUPPORT
60,PROPOSED,07 · ridge closures,ROOF-RIDGE-CAP-04,GUIDED_RIDGE_CAP,GUIDED_TWO_PERSON_FROM_ONE_REUSABLE_DECK_WORK_PLATFORM,NF-COVER-03; NF-COVER-06; NF-COVER-07,5.88,ROOF-SKIN-01-SOUTH-FULL; ROOF-SKIN-01-NORTH-FULL; ROOF-SKIN-02-SOUTH-WEST; ROOF-SKIN-02-SOUTH-EAST; ROOF-SKIN-02-NORTH-WEST; ROOF-SKIN-02-NORTH-EAST; ROOF-SKIN-03-SOUTH-WEST; ROOF-SKIN-03-SOUTH-EAST; ROOF-SKIN-03-NORTH-WEST; ROOF-SKIN-03-NORTH-EAST; ROOF-SKIN-04-SOUTH-WEST; ROOF-SKIN-04-SOUTH-EAST; ROOF-SKIN-04-NORTH-WEST; ROOF-SKIN-04-NORTH-EAST; ROOF-SKIN-05-SOUTH-WEST; ROOF-SKIN-05-SOUTH-EAST; ROOF-SKIN-05-NORTH-WEST; ROOF-SKIN-05-NORTH-EAST; ROOF-SKIN-06-SOUTH-FULL; ROOF-SKIN-06-NORTH-FULL,,ridge_cap_fixing_qa,,MOVE_ONE_REUSABLE_WORK_PLATFORM_ON_FINISHED_DECK_WITH_GUARDED_ACCESS → CARRY_NARROW_CAP_PIECES_INDIVIDUALLY_FROM_WORKSHOP → REGISTER_CAP_FRAGMENTS_OVER_PREVIOUSLY_FIXED_SLOPES → FASTEN_EACH_FRAGMENT_TO_NAMED_RAFTER_OR_RIDGE_PURLIN_HOSTS → SEAL_RIDGE_LAPS_AND_CHECK_EACH_PIECE_BEFORE_RELEASING_HAND_SUPPORT
61,PROPOSED,07 · ridge closures,ROOF-RIDGE-CAP-05,GUIDED_RIDGE_CAP,GUIDED_TWO_PERSON_FROM_ONE_REUSABLE_DECK_WORK_PLATFORM,NF-COVER-03; NF-COVER-04; NF-COVER-05; NF-COVER-06,6.72,ROOF-SKIN-01-SOUTH-FULL; ROOF-SKIN-01-NORTH-FULL; ROOF-SKIN-02-SOUTH-WEST; ROOF-SKIN-02-SOUTH-EAST; ROOF-SKIN-02-NORTH-WEST; ROOF-SKIN-02-NORTH-EAST; ROOF-SKIN-03-SOUTH-WEST; ROOF-SKIN-03-SOUTH-EAST; ROOF-SKIN-03-NORTH-WEST; ROOF-SKIN-03-NORTH-EAST; ROOF-SKIN-04-SOUTH-WEST; ROOF-SKIN-04-SOUTH-EAST; ROOF-SKIN-04-NORTH-WEST; ROOF-SKIN-04-NORTH-EAST; ROOF-SKIN-05-SOUTH-WEST; ROOF-SKIN-05-SOUTH-EAST; ROOF-SKIN-05-NORTH-WEST; ROOF-SKIN-05-NORTH-EAST; ROOF-SKIN-06-SOUTH-FULL; ROOF-SKIN-06-NORTH-FULL,,ridge_cap_fixing_qa,,MOVE_ONE_REUSABLE_WORK_PLATFORM_ON_FINISHED_DECK_WITH_GUARDED_ACCESS → CARRY_NARROW_CAP_PIECES_INDIVIDUALLY_FROM_WORKSHOP → REGISTER_CAP_FRAGMENTS_OVER_PREVIOUSLY_FIXED_SLOPES → FASTEN_EACH_FRAGMENT_TO_NAMED_RAFTER_OR_RIDGE_PURLIN_HOSTS → SEAL_RIDGE_LAPS_AND_CHECK_EACH_PIECE_BEFORE_RELEASING_HAND_SUPPORT
62,PROPOSED,07 · ridge closures,ROOF-RIDGE-CAP-06,GUIDED_RIDGE_CAP,GUIDED_TWO_PERSON_FROM_ONE_REUSABLE_DECK_WORK_PLATFORM,NF-COVER-04; NF-COVER-05,2.67,ROOF-SKIN-01-SOUTH-FULL; ROOF-SKIN-01-NORTH-FULL; ROOF-SKIN-02-SOUTH-WEST; ROOF-SKIN-02-SOUTH-EAST; ROOF-SKIN-02-NORTH-WEST; ROOF-SKIN-02-NORTH-EAST; ROOF-SKIN-03-SOUTH-WEST; ROOF-SKIN-03-SOUTH-EAST; ROOF-SKIN-03-NORTH-WEST; ROOF-SKIN-03-NORTH-EAST; ROOF-SKIN-04-SOUTH-WEST; ROOF-SKIN-04-SOUTH-EAST; ROOF-SKIN-04-NORTH-WEST; ROOF-SKIN-04-NORTH-EAST; ROOF-SKIN-05-SOUTH-WEST; ROOF-SKIN-05-SOUTH-EAST; ROOF-SKIN-05-NORTH-WEST; ROOF-SKIN-05-NORTH-EAST; ROOF-SKIN-06-SOUTH-FULL; ROOF-SKIN-06-NORTH-FULL,,ridge_cap_fixing_qa,,MOVE_ONE_REUSABLE_WORK_PLATFORM_ON_FINISHED_DECK_WITH_GUARDED_ACCESS → CARRY_NARROW_CAP_PIECES_INDIVIDUALLY_FROM_WORKSHOP → REGISTER_CAP_FRAGMENTS_OVER_PREVIOUSLY_FIXED_SLOPES → FASTEN_EACH_FRAGMENT_TO_NAMED_RAFTER_OR_RIDGE_PURLIN_HOSTS → SEAL_RIDGE_LAPS_AND_CHECK_EACH_PIECE_BEFORE_RELEASING_HAND_SUPPORT
63,PROPOSED,08 · cladding strips,CLAD-GUIDED-EAST-01,GUIDED_CLADDING_STRIP,GUIDED_TWO_PERSON_EXTERIOR_FINISH,NF-CLAD-29; NF-CLAD-30; NF-CLAD-31,24.44,NF-FB-01; NF-FJ-01; DECK-PANEL-01; NF-FE-01; UPPER-END-EAST-CAP; ROOF-RIDGE-CAP-06,section_connections_nominal_cleat_graph,guided_finish_site_fixing_qa,,WORKSHOP_ALIGN_NATIVE_BOARDS_ON_ONE_REUSABLE_FLAT_JIG → JOIN_BOARDS_WITH_TWO_SHORT_CLEATS_AND_CHECK_CONNECTION_GRAPH → TWO_PERSON_GROUND_LEVEL_PICK_WITH_NO_SEPARATE_LIFT → EXTERIOR_POSITION_AGAINST_FINISHED_STRUCTURE → SITE_FASTEN_FROM_EXTERIOR_TO_NAMED_SOURCE_HOSTS → CHECK_FIXINGS_AND_RELEASE_TEAM_SUPPORT
64,PROPOSED,08 · cladding strips,CLAD-GUIDED-EAST-02,GUIDED_CLADDING_STRIP,GUIDED_TWO_PERSON_EXTERIOR_FINISH,NF-CLAD-32; NF-CLAD-33; NF-CLAD-34,24.44,NF-FB-01; NF-FJ-01; DECK-PANEL-01; NF-FE-01; UPPER-END-EAST-CAP; ROOF-RIDGE-CAP-06,section_connections_nominal_cleat_graph,guided_finish_site_fixing_qa,,WORKSHOP_ALIGN_NATIVE_BOARDS_ON_ONE_REUSABLE_FLAT_JIG → JOIN_BOARDS_WITH_TWO_SHORT_CLEATS_AND_CHECK_CONNECTION_GRAPH → TWO_PERSON_GROUND_LEVEL_PICK_WITH_NO_SEPARATE_LIFT → EXTERIOR_POSITION_AGAINST_FINISHED_STRUCTURE → SITE_FASTEN_FROM_EXTERIOR_TO_NAMED_SOURCE_HOSTS → CHECK_FIXINGS_AND_RELEASE_TEAM_SUPPORT
65,PROPOSED,08 · cladding strips,CLAD-GUIDED-EAST-03,GUIDED_CLADDING_STRIP,GUIDED_TWO_PERSON_EXTERIOR_FINISH,NF-CLAD-35; NF-CLAD-36; NF-CLAD-37,24.44,NF-FB-01; NF-FJ-01; DECK-PANEL-01; NF-FE-01; UPPER-END-EAST-CAP; NF-FB-02; DECK-PANEL-02; NF-FE-02; ROOF-RIDGE-CAP-06,section_connections_nominal_cleat_graph,guided_finish_site_fixing_qa,,WORKSHOP_ALIGN_NATIVE_BOARDS_ON_ONE_REUSABLE_FLAT_JIG → JOIN_BOARDS_WITH_TWO_SHORT_CLEATS_AND_CHECK_CONNECTION_GRAPH → TWO_PERSON_GROUND_LEVEL_PICK_WITH_NO_SEPARATE_LIFT → EXTERIOR_POSITION_AGAINST_FINISHED_STRUCTURE → SITE_FASTEN_FROM_EXTERIOR_TO_NAMED_SOURCE_HOSTS → CHECK_FIXINGS_AND_RELEASE_TEAM_SUPPORT
66,PROPOSED,08 · cladding strips,CLAD-GUIDED-EAST-04,GUIDED_CLADDING_STRIP,GUIDED_TWO_PERSON_EXTERIOR_FINISH,NF-CLAD-38; NF-CLAD-39; NF-CLAD-40,24.44,NF-FB-02; NF-FJ-01; DECK-PANEL-02; NF-FE-02; UPPER-END-EAST-CAP; ROOF-RIDGE-CAP-06,section_connections_nominal_cleat_graph,guided_finish_site_fixing_qa,,WORKSHOP_ALIGN_NATIVE_BOARDS_ON_ONE_REUSABLE_FLAT_JIG → JOIN_BOARDS_WITH_TWO_SHORT_CLEATS_AND_CHECK_CONNECTION_GRAPH → TWO_PERSON_GROUND_LEVEL_PICK_WITH_NO_SEPARATE_LIFT → EXTERIOR_POSITION_AGAINST_FINISHED_STRUCTURE → SITE_FASTEN_FROM_EXTERIOR_TO_NAMED_SOURCE_HOSTS → CHECK_FIXINGS_AND_RELEASE_TEAM_SUPPORT
67,PROPOSED,08 · cladding strips,CLAD-GUIDED-EAST-05,GUIDED_CLADDING_STRIP,GUIDED_TWO_PERSON_EXTERIOR_FINISH,NF-CLAD-41; NF-CLAD-42,16.3,NF-FB-02; NF-FJ-01; DECK-PANEL-02; NF-FE-02; UPPER-END-EAST-CAP; ROOF-RIDGE-CAP-06,section_connections_nominal_cleat_graph,guided_finish_site_fixing_qa,,WORKSHOP_ALIGN_NATIVE_BOARDS_ON_ONE_REUSABLE_FLAT_JIG → JOIN_BOARDS_WITH_TWO_SHORT_CLEATS_AND_CHECK_CONNECTION_GRAPH → TWO_PERSON_GROUND_LEVEL_PICK_WITH_NO_SEPARATE_LIFT → EXTERIOR_POSITION_AGAINST_FINISHED_STRUCTURE → SITE_FASTEN_FROM_EXTERIOR_TO_NAMED_SOURCE_HOSTS → CHECK_FIXINGS_AND_RELEASE_TEAM_SUPPORT
68,PROPOSED,08 · cladding strips,CLAD-GUIDED-SOUTH-01,GUIDED_CLADDING_STRIP,GUIDED_TWO_PERSON_EXTERIOR_FINISH,NF-CLAD-15; NF-CLAD-16; NF-CLAD-17,24.44,NF-LB-04; NF-FB-01; NF-FJ-02; NF-FJ-03; NF-FJ-06; NF-FJ-07; NF-FE-01; NF-UB-01; ROOF-RIDGE-CAP-06,section_connections_nominal_cleat_graph,guided_finish_site_fixing_qa,,WORKSHOP_ALIGN_NATIVE_BOARDS_ON_ONE_REUSABLE_FLAT_JIG → JOIN_BOARDS_WITH_TWO_SHORT_CLEATS_AND_CHECK_CONNECTION_GRAPH → TWO_PERSON_GROUND_LEVEL_PICK_WITH_NO_SEPARATE_LIFT → EXTERIOR_POSITION_AGAINST_FINISHED_STRUCTURE → SITE_FASTEN_FROM_EXTERIOR_TO_NAMED_SOURCE_HOSTS → CHECK_FIXINGS_AND_RELEASE_TEAM_SUPPORT
69,PROPOSED,08 · cladding strips,CLAD-GUIDED-SOUTH-02,GUIDED_CLADDING_STRIP,GUIDED_TWO_PERSON_EXTERIOR_FINISH,NF-CLAD-18; NF-CLAD-19; NF-CLAD-20,24.44,NF-LB-04; NF-FB-01; NF-FJ-02; NF-FJ-03; NF-FJ-06; NF-FJ-07; NF-FE-01; NF-UB-01; ROOF-RIDGE-CAP-06,section_connections_nominal_cleat_graph,guided_finish_site_fixing_qa,,WORKSHOP_ALIGN_NATIVE_BOARDS_ON_ONE_REUSABLE_FLAT_JIG → JOIN_BOARDS_WITH_TWO_SHORT_CLEATS_AND_CHECK_CONNECTION_GRAPH → TWO_PERSON_GROUND_LEVEL_PICK_WITH_NO_SEPARATE_LIFT → EXTERIOR_POSITION_AGAINST_FINISHED_STRUCTURE → SITE_FASTEN_FROM_EXTERIOR_TO_NAMED_SOURCE_HOSTS → CHECK_FIXINGS_AND_RELEASE_TEAM_SUPPORT
70,PROPOSED,08 · cladding strips,CLAD-GUIDED-SOUTH-03,GUIDED_CLADDING_STRIP,GUIDED_TWO_PERSON_EXTERIOR_FINISH,NF-CLAD-21; NF-CLAD-22; NF-CLAD-23,24.44,NF-LB-04; NF-FB-01; NF-FJ-02; NF-FJ-03; NF-FJ-06; NF-FJ-07; NF-FE-01; NF-UB-01; NF-LB-03; NF-FJ-01; NF-FJ-04; NF-FJ-05; NF-UB-02; ROOF-RIDGE-CAP-06,section_connections_nominal_cleat_graph,guided_finish_site_fixing_qa,,WORKSHOP_ALIGN_NATIVE_BOARDS_ON_ONE_REUSABLE_FLAT_JIG → JOIN_BOARDS_WITH_TWO_SHORT_CLEATS_AND_CHECK_CONNECTION_GRAPH → TWO_PERSON_GROUND_LEVEL_PICK_WITH_NO_SEPARATE_LIFT → EXTERIOR_POSITION_AGAINST_FINISHED_STRUCTURE → SITE_FASTEN_FROM_EXTERIOR_TO_NAMED_SOURCE_HOSTS → CHECK_FIXINGS_AND_RELEASE_TEAM_SUPPORT
71,PROPOSED,08 · cladding strips,CLAD-GUIDED-SOUTH-04,GUIDED_CLADDING_STRIP,GUIDED_TWO_PERSON_EXTERIOR_FINISH,NF-CLAD-24; NF-CLAD-25; NF-CLAD-26,24.44,NF-LB-03; NF-FB-01; NF-FJ-01; NF-FJ-03; NF-FJ-04; NF-FJ-05; NF-FE-01; NF-UB-02; ROOF-RIDGE-CAP-06,section_connections_nominal_cleat_graph,guided_finish_site_fixing_qa,,WORKSHOP_ALIGN_NATIVE_BOARDS_ON_ONE_REUSABLE_FLAT_JIG → JOIN_BOARDS_WITH_TWO_SHORT_CLEATS_AND_CHECK_CONNECTION_GRAPH → TWO_PERSON_GROUND_LEVEL_PICK_WITH_NO_SEPARATE_LIFT → EXTERIOR_POSITION_AGAINST_FINISHED_STRUCTURE → SITE_FASTEN_FROM_EXTERIOR_TO_NAMED_SOURCE_HOSTS → CHECK_FIXINGS_AND_RELEASE_TEAM_SUPPORT
72,PROPOSED,08 · cladding strips,CLAD-GUIDED-SOUTH-05,GUIDED_CLADDING_STRIP,GUIDED_TWO_PERSON_EXTERIOR_FINISH,NF-CLAD-27; NF-CLAD-28,16.3,NF-LB-03; NF-FB-01; NF-FJ-01; NF-FJ-03; NF-FJ-04; NF-FJ-05; NF-FE-01; NF-UB-02; ROOF-RIDGE-CAP-06,section_connections_nominal_cleat_graph,guided_finish_site_fixing_qa,,WORKSHOP_ALIGN_NATIVE_BOARDS_ON_ONE_REUSABLE_FLAT_JIG → JOIN_BOARDS_WITH_TWO_SHORT_CLEATS_AND_CHECK_CONNECTION_GRAPH → TWO_PERSON_GROUND_LEVEL_PICK_WITH_NO_SEPARATE_LIFT → EXTERIOR_POSITION_AGAINST_FINISHED_STRUCTURE → SITE_FASTEN_FROM_EXTERIOR_TO_NAMED_SOURCE_HOSTS → CHECK_FIXINGS_AND_RELEASE_TEAM_SUPPORT
73,PROPOSED,08 · cladding strips,CLAD-GUIDED-NORTH-01,GUIDED_CLADDING_STRIP,GUIDED_TWO_PERSON_EXTERIOR_FINISH,NF-CLAD-43; NF-CLAD-44; NF-CLAD-45,24.44,NF-LB-07; NF-FB-02; NF-FJ-02; NF-FJ-03; NF-FJ-06; NF-FJ-07; NF-FE-02; NF-UB-03; ROOF-RIDGE-CAP-06,section_connections_nominal_cleat_graph,guided_finish_site_fixing_qa,,WORKSHOP_ALIGN_NATIVE_BOARDS_ON_ONE_REUSABLE_FLAT_JIG → JOIN_BOARDS_WITH_TWO_SHORT_CLEATS_AND_CHECK_CONNECTION_GRAPH → TWO_PERSON_GROUND_LEVEL_PICK_WITH_NO_SEPARATE_LIFT → EXTERIOR_POSITION_AGAINST_FINISHED_STRUCTURE → SITE_FASTEN_FROM_EXTERIOR_TO_NAMED_SOURCE_HOSTS → CHECK_FIXINGS_AND_RELEASE_TEAM_SUPPORT
74,PROPOSED,08 · cladding strips,CLAD-GUIDED-NORTH-02,GUIDED_CLADDING_STRIP,GUIDED_TWO_PERSON_EXTERIOR_FINISH,NF-CLAD-46; NF-CLAD-47; NF-CLAD-48,24.44,NF-LB-07; NF-FB-02; NF-FJ-02; NF-FJ-03; NF-FJ-06; NF-FJ-07; NF-FE-02; NF-UB-03; ROOF-RIDGE-CAP-06,section_connections_nominal_cleat_graph,guided_finish_site_fixing_qa,,WORKSHOP_ALIGN_NATIVE_BOARDS_ON_ONE_REUSABLE_FLAT_JIG → JOIN_BOARDS_WITH_TWO_SHORT_CLEATS_AND_CHECK_CONNECTION_GRAPH → TWO_PERSON_GROUND_LEVEL_PICK_WITH_NO_SEPARATE_LIFT → EXTERIOR_POSITION_AGAINST_FINISHED_STRUCTURE → SITE_FASTEN_FROM_EXTERIOR_TO_NAMED_SOURCE_HOSTS → CHECK_FIXINGS_AND_RELEASE_TEAM_SUPPORT
75,PROPOSED,08 · cladding strips,CLAD-GUIDED-NORTH-03,GUIDED_CLADDING_STRIP,GUIDED_TWO_PERSON_EXTERIOR_FINISH,NF-CLAD-49; NF-CLAD-50,16.3,NF-LB-07; NF-FB-02; NF-FJ-02; NF-FJ-03; NF-FJ-06; NF-FJ-07; NF-FE-02; NF-UB-03; NF-FJ-01; ROOF-RIDGE-CAP-06,section_connections_nominal_cleat_graph,guided_finish_site_fixing_qa,,WORKSHOP_ALIGN_NATIVE_BOARDS_ON_ONE_REUSABLE_FLAT_JIG → JOIN_BOARDS_WITH_TWO_SHORT_CLEATS_AND_CHECK_CONNECTION_GRAPH → TWO_PERSON_GROUND_LEVEL_PICK_WITH_NO_SEPARATE_LIFT → EXTERIOR_POSITION_AGAINST_FINISHED_STRUCTURE → SITE_FASTEN_FROM_EXTERIOR_TO_NAMED_SOURCE_HOSTS → CHECK_FIXINGS_AND_RELEASE_TEAM_SUPPORT
76,PROPOSED,08 · cladding strips,CLAD-GUIDED-WEST-01,GUIDED_CLADDING_STRIP,GUIDED_TWO_PERSON_EXTERIOR_FINISH,NF-CLAD-14; NF-CLAD-13; NF-CLAD-12,24.44,NF-FB-01; NF-FJ-02; DECK-PANEL-01; NF-FE-01; UPPER-END-FRAME-WEST; ROOF-RIDGE-CAP-06,section_connections_nominal_cleat_graph,guided_finish_site_fixing_qa,,WORKSHOP_ALIGN_NATIVE_BOARDS_ON_ONE_REUSABLE_FLAT_JIG → JOIN_BOARDS_WITH_TWO_SHORT_CLEATS_AND_CHECK_CONNECTION_GRAPH → TWO_PERSON_GROUND_LEVEL_PICK_WITH_NO_SEPARATE_LIFT → EXTERIOR_POSITION_AGAINST_FINISHED_STRUCTURE → SITE_FASTEN_FROM_EXTERIOR_TO_NAMED_SOURCE_HOSTS → CHECK_FIXINGS_AND_RELEASE_TEAM_SUPPORT
77,PROPOSED,08 · cladding strips,CLAD-GUIDED-WEST-02,GUIDED_CLADDING_STRIP,GUIDED_TWO_PERSON_EXTERIOR_FINISH,NF-CLAD-11; NF-CLAD-10; NF-CLAD-09,24.44,NF-FB-01; NF-FJ-02; DECK-PANEL-01; NF-FE-01; UPPER-END-FRAME-WEST; ROOF-RIDGE-CAP-06,section_connections_nominal_cleat_graph,guided_finish_site_fixing_qa,,WORKSHOP_ALIGN_NATIVE_BOARDS_ON_ONE_REUSABLE_FLAT_JIG → JOIN_BOARDS_WITH_TWO_SHORT_CLEATS_AND_CHECK_CONNECTION_GRAPH → TWO_PERSON_GROUND_LEVEL_PICK_WITH_NO_SEPARATE_LIFT → EXTERIOR_POSITION_AGAINST_FINISHED_STRUCTURE → SITE_FASTEN_FROM_EXTERIOR_TO_NAMED_SOURCE_HOSTS → CHECK_FIXINGS_AND_RELEASE_TEAM_SUPPORT
78,PROPOSED,08 · cladding strips,CLAD-GUIDED-WEST-03,GUIDED_CLADDING_STRIP,GUIDED_TWO_PERSON_EXTERIOR_FINISH,NF-CLAD-08; NF-CLAD-07; NF-CLAD-06,24.44,NF-FB-01; NF-FJ-02; DECK-PANEL-01; NF-FE-01; UPPER-END-FRAME-WEST; NF-FB-02; DECK-PANEL-02; NF-FE-02; ROOF-RIDGE-CAP-06,section_connections_nominal_cleat_graph,guided_finish_site_fixing_qa,,WORKSHOP_ALIGN_NATIVE_BOARDS_ON_ONE_REUSABLE_FLAT_JIG → JOIN_BOARDS_WITH_TWO_SHORT_CLEATS_AND_CHECK_CONNECTION_GRAPH → TWO_PERSON_GROUND_LEVEL_PICK_WITH_NO_SEPARATE_LIFT → EXTERIOR_POSITION_AGAINST_FINISHED_STRUCTURE → SITE_FASTEN_FROM_EXTERIOR_TO_NAMED_SOURCE_HOSTS → CHECK_FIXINGS_AND_RELEASE_TEAM_SUPPORT
79,PROPOSED,08 · cladding strips,CLAD-GUIDED-WEST-04,GUIDED_CLADDING_STRIP,GUIDED_TWO_PERSON_EXTERIOR_FINISH,NF-CLAD-05; NF-CLAD-04; NF-CLAD-03,24.44,NF-FB-02; NF-FJ-02; DECK-PANEL-02; NF-FE-02; UPPER-END-FRAME-WEST; ROOF-RIDGE-CAP-06,section_connections_nominal_cleat_graph,guided_finish_site_fixing_qa,,WORKSHOP_ALIGN_NATIVE_BOARDS_ON_ONE_REUSABLE_FLAT_JIG → JOIN_BOARDS_WITH_TWO_SHORT_CLEATS_AND_CHECK_CONNECTION_GRAPH → TWO_PERSON_GROUND_LEVEL_PICK_WITH_NO_SEPARATE_LIFT → EXTERIOR_POSITION_AGAINST_FINISHED_STRUCTURE → SITE_FASTEN_FROM_EXTERIOR_TO_NAMED_SOURCE_HOSTS → CHECK_FIXINGS_AND_RELEASE_TEAM_SUPPORT
80,PROPOSED,08 · cladding strips,CLAD-GUIDED-WEST-05,GUIDED_CLADDING_STRIP,GUIDED_TWO_PERSON_EXTERIOR_FINISH,NF-CLAD-02; NF-CLAD-01,16.3,NF-FB-02; NF-FJ-02; DECK-PANEL-02; NF-FE-02; UPPER-END-FRAME-WEST; ROOF-RIDGE-CAP-06,section_connections_nominal_cleat_graph,guided_finish_site_fixing_qa,,WORKSHOP_ALIGN_NATIVE_BOARDS_ON_ONE_REUSABLE_FLAT_JIG → JOIN_BOARDS_WITH_TWO_SHORT_CLEATS_AND_CHECK_CONNECTION_GRAPH → TWO_PERSON_GROUND_LEVEL_PICK_WITH_NO_SEPARATE_LIFT → EXTERIOR_POSITION_AGAINST_FINISHED_STRUCTURE → SITE_FASTEN_FROM_EXTERIOR_TO_NAMED_SOURCE_HOSTS → CHECK_FIXINGS_AND_RELEASE_TEAM_SUPPORT
