Source member ID,Status,Assembly task IDs
NF-BASE-01,ACCEPTED,ACCEPTED BASELINE
NF-BASE-02,ACCEPTED,ACCEPTED BASELINE
NF-BASE-03,ACCEPTED,ACCEPTED BASELINE
NF-BASE-04,ACCEPTED,ACCEPTED BASELINE
NF-BATTEN-01,PROPOSED,ROOF-SKIN-01-SOUTH-FULL; ROOF-SKIN-02-SOUTH-WEST; ROOF-SKIN-02-SOUTH-EAST; ROOF-SKIN-03-SOUTH-WEST; ROOF-SKIN-03-SOUTH-EAST; ROOF-SKIN-04-SOUTH-WEST; ROOF-SKIN-04-SOUTH-EAST; ROOF-SKIN-05-SOUTH-WEST; ROOF-SKIN-05-SOUTH-EAST; ROOF-SKIN-06-SOUTH-FULL
NF-BATTEN-02,PROPOSED,ROOF-SKIN-01-SOUTH-FULL; ROOF-SKIN-02-SOUTH-WEST; ROOF-SKIN-02-SOUTH-EAST; ROOF-SKIN-03-SOUTH-WEST; ROOF-SKIN-03-SOUTH-EAST; ROOF-SKIN-04-SOUTH-WEST; ROOF-SKIN-04-SOUTH-EAST; ROOF-SKIN-05-SOUTH-WEST; ROOF-SKIN-05-SOUTH-EAST; ROOF-SKIN-06-SOUTH-FULL
NF-BATTEN-03,PROPOSED,ROOF-SKIN-01-SOUTH-FULL; ROOF-SKIN-02-SOUTH-WEST; ROOF-SKIN-02-SOUTH-EAST; ROOF-SKIN-03-SOUTH-WEST; ROOF-SKIN-03-SOUTH-EAST; ROOF-SKIN-04-SOUTH-WEST; ROOF-SKIN-04-SOUTH-EAST; ROOF-SKIN-05-SOUTH-WEST; ROOF-SKIN-05-SOUTH-EAST; ROOF-SKIN-06-SOUTH-FULL
NF-BATTEN-04,PROPOSED,ROOF-SKIN-01-SOUTH-FULL; ROOF-SKIN-02-SOUTH-WEST; ROOF-SKIN-02-SOUTH-EAST; ROOF-SKIN-03-SOUTH-WEST; ROOF-SKIN-03-SOUTH-EAST; ROOF-SKIN-04-SOUTH-WEST; ROOF-SKIN-04-SOUTH-EAST; ROOF-SKIN-05-SOUTH-WEST; ROOF-SKIN-05-SOUTH-EAST; ROOF-SKIN-06-SOUTH-FULL
NF-BATTEN-05,PROPOSED,ROOF-SKIN-01-SOUTH-FULL; ROOF-SKIN-02-SOUTH-WEST; ROOF-SKIN-02-SOUTH-EAST; ROOF-SKIN-03-SOUTH-WEST; ROOF-SKIN-03-SOUTH-EAST; ROOF-SKIN-04-SOUTH-WEST; ROOF-SKIN-04-SOUTH-EAST; ROOF-SKIN-05-SOUTH-WEST; ROOF-SKIN-05-SOUTH-EAST; ROOF-SKIN-06-SOUTH-FULL
NF-BATTEN-06,PROPOSED,ROOF-SKIN-01-NORTH-FULL; ROOF-SKIN-02-NORTH-WEST; ROOF-SKIN-02-NORTH-EAST; ROOF-SKIN-03-NORTH-WEST; ROOF-SKIN-03-NORTH-EAST; ROOF-SKIN-04-NORTH-WEST; ROOF-SKIN-04-NORTH-EAST; ROOF-SKIN-05-NORTH-WEST; ROOF-SKIN-05-NORTH-EAST; ROOF-SKIN-06-NORTH-FULL
NF-BATTEN-07,PROPOSED,ROOF-SKIN-01-NORTH-FULL; ROOF-SKIN-02-NORTH-WEST; ROOF-SKIN-02-NORTH-EAST; ROOF-SKIN-03-NORTH-WEST; ROOF-SKIN-03-NORTH-EAST; ROOF-SKIN-04-NORTH-WEST; ROOF-SKIN-04-NORTH-EAST; ROOF-SKIN-05-NORTH-WEST; ROOF-SKIN-05-NORTH-EAST; ROOF-SKIN-06-NORTH-FULL
NF-BATTEN-08,PROPOSED,ROOF-SKIN-01-NORTH-FULL; ROOF-SKIN-02-NORTH-WEST; ROOF-SKIN-02-NORTH-EAST; ROOF-SKIN-03-NORTH-WEST; ROOF-SKIN-03-NORTH-EAST; ROOF-SKIN-04-NORTH-WEST; ROOF-SKIN-04-NORTH-EAST; ROOF-SKIN-05-NORTH-WEST; ROOF-SKIN-05-NORTH-EAST; ROOF-SKIN-06-NORTH-FULL
NF-BATTEN-09,PROPOSED,ROOF-SKIN-01-NORTH-FULL; ROOF-SKIN-02-NORTH-WEST; ROOF-SKIN-02-NORTH-EAST; ROOF-SKIN-03-NORTH-WEST; ROOF-SKIN-03-NORTH-EAST; ROOF-SKIN-04-NORTH-WEST; ROOF-SKIN-04-NORTH-EAST; ROOF-SKIN-05-NORTH-WEST; ROOF-SKIN-05-NORTH-EAST; ROOF-SKIN-06-NORTH-FULL
NF-BATTEN-10,PROPOSED,ROOF-SKIN-01-NORTH-FULL; ROOF-SKIN-02-NORTH-WEST; ROOF-SKIN-02-NORTH-EAST; ROOF-SKIN-03-NORTH-WEST; ROOF-SKIN-03-NORTH-EAST; ROOF-SKIN-04-NORTH-WEST; ROOF-SKIN-04-NORTH-EAST; ROOF-SKIN-05-NORTH-WEST; ROOF-SKIN-05-NORTH-EAST; ROOF-SKIN-06-NORTH-FULL
NF-CLAD-01,PROPOSED,CLAD-GUIDED-WEST-05
NF-CLAD-02,PROPOSED,CLAD-GUIDED-WEST-05
NF-CLAD-03,PROPOSED,CLAD-GUIDED-WEST-04
NF-CLAD-04,PROPOSED,CLAD-GUIDED-WEST-04
NF-CLAD-05,PROPOSED,CLAD-GUIDED-WEST-04
NF-CLAD-06,PROPOSED,CLAD-GUIDED-WEST-03
NF-CLAD-07,PROPOSED,CLAD-GUIDED-WEST-03
NF-CLAD-08,PROPOSED,CLAD-GUIDED-WEST-03
NF-CLAD-09,PROPOSED,CLAD-GUIDED-WEST-02
NF-CLAD-10,PROPOSED,CLAD-GUIDED-WEST-02
NF-CLAD-11,PROPOSED,CLAD-GUIDED-WEST-02
NF-CLAD-12,PROPOSED,CLAD-GUIDED-WEST-01
NF-CLAD-13,PROPOSED,CLAD-GUIDED-WEST-01
NF-CLAD-14,PROPOSED,CLAD-GUIDED-WEST-01
NF-CLAD-15,PROPOSED,CLAD-GUIDED-SOUTH-01
NF-CLAD-16,PROPOSED,CLAD-GUIDED-SOUTH-01
NF-CLAD-17,PROPOSED,CLAD-GUIDED-SOUTH-01
NF-CLAD-18,PROPOSED,CLAD-GUIDED-SOUTH-02
NF-CLAD-19,PROPOSED,CLAD-GUIDED-SOUTH-02
NF-CLAD-20,PROPOSED,CLAD-GUIDED-SOUTH-02
NF-CLAD-21,PROPOSED,CLAD-GUIDED-SOUTH-03
NF-CLAD-22,PROPOSED,CLAD-GUIDED-SOUTH-03
NF-CLAD-23,PROPOSED,CLAD-GUIDED-SOUTH-03
NF-CLAD-24,PROPOSED,CLAD-GUIDED-SOUTH-04
NF-CLAD-25,PROPOSED,CLAD-GUIDED-SOUTH-04
NF-CLAD-26,PROPOSED,CLAD-GUIDED-SOUTH-04
NF-CLAD-27,PROPOSED,CLAD-GUIDED-SOUTH-05
NF-CLAD-28,PROPOSED,CLAD-GUIDED-SOUTH-05
NF-CLAD-29,PROPOSED,CLAD-GUIDED-EAST-01
NF-CLAD-30,PROPOSED,CLAD-GUIDED-EAST-01
NF-CLAD-31,PROPOSED,CLAD-GUIDED-EAST-01
NF-CLAD-32,PROPOSED,CLAD-GUIDED-EAST-02
NF-CLAD-33,PROPOSED,CLAD-GUIDED-EAST-02
NF-CLAD-34,PROPOSED,CLAD-GUIDED-EAST-02
NF-CLAD-35,PROPOSED,CLAD-GUIDED-EAST-03
NF-CLAD-36,PROPOSED,CLAD-GUIDED-EAST-03
NF-CLAD-37,PROPOSED,CLAD-GUIDED-EAST-03
NF-CLAD-38,PROPOSED,CLAD-GUIDED-EAST-04
NF-CLAD-39,PROPOSED,CLAD-GUIDED-EAST-04
NF-CLAD-40,PROPOSED,CLAD-GUIDED-EAST-04
NF-CLAD-41,PROPOSED,CLAD-GUIDED-EAST-05
NF-CLAD-42,PROPOSED,CLAD-GUIDED-EAST-05
NF-CLAD-43,PROPOSED,CLAD-GUIDED-NORTH-01
NF-CLAD-44,PROPOSED,CLAD-GUIDED-NORTH-01
NF-CLAD-45,PROPOSED,CLAD-GUIDED-NORTH-01
NF-CLAD-46,PROPOSED,CLAD-GUIDED-NORTH-02
NF-CLAD-47,PROPOSED,CLAD-GUIDED-NORTH-02
NF-CLAD-48,PROPOSED,CLAD-GUIDED-NORTH-02
NF-CLAD-49,PROPOSED,CLAD-GUIDED-NORTH-03
NF-CLAD-50,PROPOSED,CLAD-GUIDED-NORTH-03
NF-COVER-01,PROPOSED,ROOF-SKIN-01-NORTH-FULL; ROOF-SKIN-02-NORTH-WEST; ROOF-SKIN-02-NORTH-EAST; ROOF-RIDGE-CAP-01; ROOF-RIDGE-CAP-02
NF-COVER-02,PROPOSED,ROOF-SKIN-02-NORTH-WEST; ROOF-SKIN-02-NORTH-EAST; ROOF-SKIN-03-NORTH-WEST; ROOF-SKIN-03-NORTH-EAST; ROOF-RIDGE-CAP-02; ROOF-RIDGE-CAP-03
NF-COVER-03,PROPOSED,ROOF-SKIN-03-NORTH-EAST; ROOF-SKIN-04-NORTH-WEST; ROOF-SKIN-04-NORTH-EAST; ROOF-SKIN-05-NORTH-WEST; ROOF-RIDGE-CAP-03; ROOF-RIDGE-CAP-04; ROOF-RIDGE-CAP-05
NF-COVER-04,PROPOSED,ROOF-SKIN-05-NORTH-WEST; ROOF-SKIN-05-NORTH-EAST; ROOF-SKIN-06-NORTH-FULL; ROOF-RIDGE-CAP-05; ROOF-RIDGE-CAP-06
NF-COVER-05,PROPOSED,ROOF-SKIN-05-SOUTH-WEST; ROOF-SKIN-05-SOUTH-EAST; ROOF-SKIN-06-SOUTH-FULL; ROOF-RIDGE-CAP-05; ROOF-RIDGE-CAP-06
NF-COVER-06,PROPOSED,ROOF-SKIN-04-SOUTH-WEST; ROOF-SKIN-04-SOUTH-EAST; ROOF-SKIN-05-SOUTH-WEST; ROOF-SKIN-05-SOUTH-EAST; ROOF-RIDGE-CAP-04; ROOF-RIDGE-CAP-05
NF-COVER-07,PROPOSED,ROOF-SKIN-02-SOUTH-EAST; ROOF-SKIN-03-SOUTH-WEST; ROOF-SKIN-03-SOUTH-EAST; ROOF-SKIN-04-SOUTH-WEST; ROOF-RIDGE-CAP-02; ROOF-RIDGE-CAP-03; ROOF-RIDGE-CAP-04
NF-COVER-08,PROPOSED,ROOF-SKIN-01-SOUTH-FULL; ROOF-SKIN-02-SOUTH-WEST; ROOF-SKIN-02-SOUTH-EAST; ROOF-RIDGE-CAP-01; ROOF-RIDGE-CAP-02
NF-DECK-01,PROPOSED,DECK-PANEL-01
NF-DECK-02,PROPOSED,DECK-PANEL-01
NF-DECK-03,PROPOSED,DECK-PANEL-01
NF-DECK-04,PROPOSED,DECK-PANEL-01
NF-DECK-05,PROPOSED,DECK-PANEL-01
NF-DECK-06,PROPOSED,DECK-PANEL-01
NF-DECK-07,PROPOSED,DECK-PANEL-01
NF-DECK-08,PROPOSED,DECK-PANEL-02
NF-DECK-09,PROPOSED,DECK-PANEL-02
NF-DECK-10,PROPOSED,DECK-PANEL-02
NF-DECK-11,PROPOSED,DECK-PANEL-02
NF-DECK-12,PROPOSED,DECK-PANEL-02
NF-DECK-13,PROPOSED,DECK-PANEL-02
NF-DECK-14,PROPOSED,DECK-PANEL-02
NF-FB-01,PROPOSED,NF-FB-01
NF-FB-02,PROPOSED,NF-FB-02
NF-FE-01,PROPOSED,NF-FE-01
NF-FE-02,PROPOSED,NF-FE-02
NF-FJ-01,PROPOSED,NF-FJ-01
NF-FJ-02,PROPOSED,NF-FJ-02
NF-FJ-03,PROPOSED,NF-FJ-03
NF-FJ-04,PROPOSED,NF-FJ-04
NF-FJ-05,PROPOSED,NF-FJ-05
NF-FJ-06,PROPOSED,NF-FJ-06
NF-FJ-07,PROPOSED,NF-FJ-07
NF-LB-01,ACCEPTED,ACCEPTED BASELINE
NF-LB-02,ACCEPTED,ACCEPTED BASELINE
NF-LB-03,ACCEPTED,ACCEPTED BASELINE
NF-LB-04,ACCEPTED,ACCEPTED BASELINE
NF-LB-05,ACCEPTED,ACCEPTED BASELINE
NF-LB-06,ACCEPTED,ACCEPTED BASELINE
NF-LB-07,PROPOSED,NF-LB-07
NF-LP-01,ACCEPTED,ACCEPTED BASELINE
NF-LP-02,ACCEPTED,ACCEPTED BASELINE
NF-LP-03,ACCEPTED,ACCEPTED BASELINE
NF-LP-04,ACCEPTED,ACCEPTED BASELINE
NF-LS-01,ACCEPTED,ACCEPTED BASELINE
NF-LS-02,ACCEPTED,ACCEPTED BASELINE
NF-LS-03,ACCEPTED,ACCEPTED BASELINE
NF-LS-04,ACCEPTED,ACCEPTED BASELINE
NF-PLATE-01,PROPOSED,UPPER-END-FRAME-WEST
NF-PLATE-02,PROPOSED,UPPER-END-EAST-CAP
NF-PURLIN-01,PROPOSED,NF-PURLIN-01
NF-PURLIN-02,PROPOSED,NF-PURLIN-02
NF-PURLIN-03,PROPOSED,NF-PURLIN-03
NF-RAF-01,PROPOSED,ROOF-RAFTER-PAIR-01
NF-RAF-02,PROPOSED,ROOF-RAFTER-PAIR-02
NF-RAF-03,PROPOSED,ROOF-RAFTER-PAIR-03
NF-RAF-04,PROPOSED,ROOF-RAFTER-PAIR-04
NF-RAF-05,PROPOSED,ROOF-RAFTER-PAIR-05
NF-RAF-06,PROPOSED,ROOF-RAFTER-PAIR-06
NF-RAF-07,PROPOSED,ROOF-RAFTER-PAIR-07
NF-RAF-08,PROPOSED,ROOF-RAFTER-PAIR-08
NF-RAF-09,PROPOSED,ROOF-RAFTER-PAIR-09
NF-RAF-10,PROPOSED,ROOF-RAFTER-PAIR-10
NF-RAF-11,PROPOSED,ROOF-RAFTER-PAIR-01
NF-RAF-12,PROPOSED,ROOF-RAFTER-PAIR-02
NF-RAF-13,PROPOSED,ROOF-RAFTER-PAIR-03
NF-RAF-14,PROPOSED,ROOF-RAFTER-PAIR-04
NF-RAF-15,PROPOSED,ROOF-RAFTER-PAIR-05
NF-RAF-16,PROPOSED,ROOF-RAFTER-PAIR-06
NF-RAF-17,PROPOSED,ROOF-RAFTER-PAIR-07
NF-RAF-18,PROPOSED,ROOF-RAFTER-PAIR-08
NF-RAF-19,PROPOSED,ROOF-RAFTER-PAIR-09
NF-RAF-20,PROPOSED,ROOF-RAFTER-PAIR-10
NF-RAIL-01,PROPOSED,UPPER-END-EAST-NORTH
NF-RAIL-02,PROPOSED,UPPER-END-EAST-SOUTH
NF-RAIL-03,PROPOSED,UPPER-END-FRAME-WEST
NF-RAIL-04,PROPOSED,UPPER-END-FRAME-WEST
NF-UB-01,PROPOSED,NF-UB-01
NF-UB-02,PROPOSED,NF-UB-02
NF-UB-03,PROPOSED,NF-UB-03
NF-UB-04,PROPOSED,NF-UB-04
NF-UB-05,PROPOSED,UPPER-END-EAST-SOUTH
NF-UB-06,PROPOSED,UPPER-END-EAST-NORTH
NF-UB-07,PROPOSED,UPPER-END-FRAME-WEST
NF-UB-08,PROPOSED,UPPER-END-FRAME-WEST
NF-UP-01,PROPOSED,UPPER-END-FRAME-WEST
NF-UP-02,PROPOSED,UPPER-END-EAST-CORE
NF-UP-03,PROPOSED,UPPER-END-EAST-NORTH
NF-UP-04,PROPOSED,UPPER-END-EAST-SOUTH
NF-UP-05,PROPOSED,UPPER-END-FRAME-WEST
NF-UP-06,PROPOSED,UPPER-END-FRAME-WEST
