step,component_id,class_code,status,committed,failure_phase,failure_reason,missing_predecessors,independent_tool_constraint,world_before_count,world_after_count,checked_states,simulation_duration_s,wall_seconds
1,NF-BASE-01,BASE,INITIAL_STAGE3_HANDOFF,False,,,,,6,6,,,0.0010044574737548828
2,NF-BASE-04,BASE,INITIAL_STAGE3_HANDOFF,False,,,,,6,6,,,0.0009961128234863281
3,NF-BASE-02,BASE,INITIAL_STAGE3_HANDOFF,False,,,,,6,6,,,0.0
4,NF-BASE-03,BASE,INITIAL_STAGE3_HANDOFF,False,,,,,6,6,,,0.0
5,NF-LP-01,LP,INITIAL_STAGE3_HANDOFF,False,,,,,6,6,,,0.0
6,NF-LP-02,LP,INITIAL_STAGE3_HANDOFF,False,,,,,6,6,,,0.0009980201721191406
7,NF-LP-03,LP,PLACED_KINEMATICALLY,True,,,,,6,7,17239,100.86702672684403,142.02197790145874
8,NF-LP-04,LP,PLACED_KINEMATICALLY,True,,,,,7,8,18633,111.80754268218341,155.80961298942566
9,NF-LS-01,LS,NO_BASELINE_CLAMP_GRASP,False,GRASP_SELECTION,CROSS_SECTION_OUTSIDE_150_TO_205_MM_BASELINE_CLAMP,,CROSS_SECTION_OUTSIDE_150_TO_205_MM_BASELINE_CLAMP,8,8,,,0.001001119613647461
10,NF-LS-02,LS,NO_BASELINE_CLAMP_GRASP,False,GRASP_SELECTION,CROSS_SECTION_OUTSIDE_150_TO_205_MM_BASELINE_CLAMP,,CROSS_SECTION_OUTSIDE_150_TO_205_MM_BASELINE_CLAMP,8,8,,,0.001001119613647461
11,NF-LS-03,LS,NO_BASELINE_CLAMP_GRASP,False,GRASP_SELECTION,CROSS_SECTION_OUTSIDE_150_TO_205_MM_BASELINE_CLAMP,,CROSS_SECTION_OUTSIDE_150_TO_205_MM_BASELINE_CLAMP,8,8,,,0.0
12,NF-LS-04,LS,NO_BASELINE_CLAMP_GRASP,False,GRASP_SELECTION,CROSS_SECTION_OUTSIDE_150_TO_205_MM_BASELINE_CLAMP,,CROSS_SECTION_OUTSIDE_150_TO_205_MM_BASELINE_CLAMP,8,8,,,0.0
13,NF-LB-01,LB,BLOCKED_PREDECESSORS,False,DEPENDENCY_CHECK,Required source dependency members were not committed; no phantom obstacles or supports were inserted.,NF-LS-02,CROSS_SECTION_OUTSIDE_150_TO_205_MM_BASELINE_CLAMP,8,8,,,0.0
14,NF-LB-02,LB,BLOCKED_PREDECESSORS,False,DEPENDENCY_CHECK,Required source dependency members were not committed; no phantom obstacles or supports were inserted.,NF-LS-02,CROSS_SECTION_OUTSIDE_150_TO_205_MM_BASELINE_CLAMP,8,8,,,0.0
15,NF-LB-03,LB,BLOCKED_PREDECESSORS,False,DEPENDENCY_CHECK,Required source dependency members were not committed; no phantom obstacles or supports were inserted.,NF-LS-04,CROSS_SECTION_OUTSIDE_150_TO_205_MM_BASELINE_CLAMP,8,8,,,0.0
16,NF-LB-04,LB,BLOCKED_PREDECESSORS,False,DEPENDENCY_CHECK,Required source dependency members were not committed; no phantom obstacles or supports were inserted.,NF-LS-04,CROSS_SECTION_OUTSIDE_150_TO_205_MM_BASELINE_CLAMP,8,8,,,0.0
17,NF-LB-05,LB,BLOCKED_PREDECESSORS,False,DEPENDENCY_CHECK,Required source dependency members were not committed; no phantom obstacles or supports were inserted.,NF-LS-01,CROSS_SECTION_OUTSIDE_150_TO_205_MM_BASELINE_CLAMP,8,8,,,0.0
18,NF-LB-06,LB,BLOCKED_PREDECESSORS,False,DEPENDENCY_CHECK,Required source dependency members were not committed; no phantom obstacles or supports were inserted.,NF-LS-01,CROSS_SECTION_OUTSIDE_150_TO_205_MM_BASELINE_CLAMP,8,8,,,0.0
19,NF-LB-07,LB,BLOCKED_PREDECESSORS,False,DEPENDENCY_CHECK,Required source dependency members were not committed; no phantom obstacles or supports were inserted.,NF-LS-03,CROSS_SECTION_OUTSIDE_150_TO_205_MM_BASELINE_CLAMP,8,8,,,0.0
20,NF-FB-01,FB,BLOCKED_PREDECESSORS,False,DEPENDENCY_CHECK,Required source dependency members were not committed; no phantom obstacles or supports were inserted.,NF-LS-04,CROSS_SECTION_OUTSIDE_150_TO_205_MM_BASELINE_CLAMP,8,8,,,0.0
21,NF-FB-02,FB,BLOCKED_PREDECESSORS,False,DEPENDENCY_CHECK,Required source dependency members were not committed; no phantom obstacles or supports were inserted.,NF-LS-03,CROSS_SECTION_OUTSIDE_150_TO_205_MM_BASELINE_CLAMP,8,8,,,0.001001119613647461
22,NF-FJ-01,FJ,BLOCKED_PREDECESSORS,False,DEPENDENCY_CHECK,Required source dependency members were not committed; no phantom obstacles or supports were inserted.,NF-FB-01|NF-FB-02|NF-LS-02,CROSS_SECTION_OUTSIDE_150_TO_205_MM_BASELINE_CLAMP,8,8,,,0.0009984970092773438
23,NF-FJ-02,FJ,BLOCKED_PREDECESSORS,False,DEPENDENCY_CHECK,Required source dependency members were not committed; no phantom obstacles or supports were inserted.,NF-FB-01|NF-FB-02|NF-LS-01,CROSS_SECTION_OUTSIDE_150_TO_205_MM_BASELINE_CLAMP,8,8,,,0.0009982585906982422
24,NF-FJ-03,FJ,BLOCKED_PREDECESSORS,False,DEPENDENCY_CHECK,Required source dependency members were not committed; no phantom obstacles or supports were inserted.,NF-FB-01|NF-FB-02,CROSS_SECTION_OUTSIDE_150_TO_205_MM_BASELINE_CLAMP,8,8,,,0.0
25,NF-FJ-04,FJ,BLOCKED_PREDECESSORS,False,DEPENDENCY_CHECK,Required source dependency members were not committed; no phantom obstacles or supports were inserted.,NF-FB-01|NF-FB-02,CROSS_SECTION_OUTSIDE_150_TO_205_MM_BASELINE_CLAMP,8,8,,,0.0
26,NF-FJ-05,FJ,BLOCKED_PREDECESSORS,False,DEPENDENCY_CHECK,Required source dependency members were not committed; no phantom obstacles or supports were inserted.,NF-FB-01|NF-FB-02,CROSS_SECTION_OUTSIDE_150_TO_205_MM_BASELINE_CLAMP,8,8,,,0.0009336471557617188
27,NF-FJ-06,FJ,BLOCKED_PREDECESSORS,False,DEPENDENCY_CHECK,Required source dependency members were not committed; no phantom obstacles or supports were inserted.,NF-FB-01|NF-FB-02,CROSS_SECTION_OUTSIDE_150_TO_205_MM_BASELINE_CLAMP,8,8,,,0.0010006427764892578
28,NF-FJ-07,FJ,BLOCKED_PREDECESSORS,False,DEPENDENCY_CHECK,Required source dependency members were not committed; no phantom obstacles or supports were inserted.,NF-FB-01|NF-FB-02,CROSS_SECTION_OUTSIDE_150_TO_205_MM_BASELINE_CLAMP,8,8,,,0.0010013580322265625
29,NF-FE-01,FE,BLOCKED_PREDECESSORS,False,DEPENDENCY_CHECK,Required source dependency members were not committed; no phantom obstacles or supports were inserted.,NF-FJ-01|NF-FJ-02|NF-FJ-03|NF-FJ-04|NF-FJ-05|NF-FJ-06|NF-FJ-07,CROSS_SECTION_OUTSIDE_150_TO_205_MM_BASELINE_CLAMP,8,8,,,0.0
30,NF-FE-02,FE,BLOCKED_PREDECESSORS,False,DEPENDENCY_CHECK,Required source dependency members were not committed; no phantom obstacles or supports were inserted.,NF-FJ-01|NF-FJ-02|NF-FJ-03|NF-FJ-04|NF-FJ-05|NF-FJ-06|NF-FJ-07,CROSS_SECTION_OUTSIDE_150_TO_205_MM_BASELINE_CLAMP,8,8,,,0.0
31,NF-UP-01,UP,BLOCKED_PREDECESSORS,False,DEPENDENCY_CHECK,Required source dependency members were not committed; no phantom obstacles or supports were inserted.,NF-FJ-02,CROSS_SECTION_OUTSIDE_150_TO_205_MM_BASELINE_CLAMP,8,8,,,0.0
32,NF-UP-02,UP,BLOCKED_PREDECESSORS,False,DEPENDENCY_CHECK,Required source dependency members were not committed; no phantom obstacles or supports were inserted.,NF-FJ-01,CROSS_SECTION_OUTSIDE_150_TO_205_MM_BASELINE_CLAMP,8,8,,,0.0
33,NF-UP-03,UP,BLOCKED_PREDECESSORS,False,DEPENDENCY_CHECK,Required source dependency members were not committed; no phantom obstacles or supports were inserted.,NF-FE-02,CROSS_SECTION_OUTSIDE_150_TO_205_MM_BASELINE_CLAMP,8,8,,,0.0
34,NF-UP-04,UP,BLOCKED_PREDECESSORS,False,DEPENDENCY_CHECK,Required source dependency members were not committed; no phantom obstacles or supports were inserted.,NF-FE-01,CROSS_SECTION_OUTSIDE_150_TO_205_MM_BASELINE_CLAMP,8,8,,,0.0010006427764892578
35,NF-UP-05,UP,BLOCKED_PREDECESSORS,False,DEPENDENCY_CHECK,Required source dependency members were not committed; no phantom obstacles or supports were inserted.,NF-FE-01,CROSS_SECTION_OUTSIDE_150_TO_205_MM_BASELINE_CLAMP,8,8,,,0.0
36,NF-UP-06,UP,BLOCKED_PREDECESSORS,False,DEPENDENCY_CHECK,Required source dependency members were not committed; no phantom obstacles or supports were inserted.,NF-FE-02,CROSS_SECTION_OUTSIDE_150_TO_205_MM_BASELINE_CLAMP,8,8,,,0.0
37,NF-DECK-01,DECK,BLOCKED_PREDECESSORS,False,DEPENDENCY_CHECK,Required source dependency members were not committed; no phantom obstacles or supports were inserted.,NF-FJ-01|NF-FJ-02|NF-FJ-03|NF-FJ-04|NF-FJ-05|NF-FJ-06|NF-FJ-07,,8,8,,,0.0010013580322265625
38,NF-DECK-02,DECK,BLOCKED_PREDECESSORS,False,DEPENDENCY_CHECK,Required source dependency members were not committed; no phantom obstacles or supports were inserted.,NF-FJ-01|NF-FJ-02|NF-FJ-03|NF-FJ-04|NF-FJ-05|NF-FJ-06|NF-FJ-07,,8,8,,,0.0
39,NF-DECK-03,DECK,BLOCKED_PREDECESSORS,False,DEPENDENCY_CHECK,Required source dependency members were not committed; no phantom obstacles or supports were inserted.,NF-FJ-01|NF-FJ-02|NF-FJ-03|NF-FJ-04|NF-FJ-05|NF-FJ-06|NF-FJ-07,,8,8,,,0.0
40,NF-DECK-04,DECK,BLOCKED_PREDECESSORS,False,DEPENDENCY_CHECK,Required source dependency members were not committed; no phantom obstacles or supports were inserted.,NF-FJ-01|NF-FJ-02|NF-FJ-03|NF-FJ-04|NF-FJ-05|NF-FJ-06|NF-FJ-07,,8,8,,,0.0
41,NF-DECK-05,DECK,BLOCKED_PREDECESSORS,False,DEPENDENCY_CHECK,Required source dependency members were not committed; no phantom obstacles or supports were inserted.,NF-FJ-01|NF-FJ-02|NF-FJ-03|NF-FJ-04|NF-FJ-05|NF-FJ-06|NF-FJ-07,,8,8,,,0.0010006427764892578
42,NF-DECK-06,DECK,BLOCKED_PREDECESSORS,False,DEPENDENCY_CHECK,Required source dependency members were not committed; no phantom obstacles or supports were inserted.,NF-FJ-01|NF-FJ-02|NF-FJ-03|NF-FJ-04|NF-FJ-05|NF-FJ-06|NF-FJ-07,,8,8,,,0.0010006427764892578
43,NF-DECK-07,DECK,BLOCKED_PREDECESSORS,False,DEPENDENCY_CHECK,Required source dependency members were not committed; no phantom obstacles or supports were inserted.,NF-FJ-01|NF-FJ-02|NF-FJ-03|NF-FJ-04|NF-FJ-05|NF-FJ-06|NF-FJ-07,,8,8,,,0.0010023117065429688
44,NF-DECK-08,DECK,BLOCKED_PREDECESSORS,False,DEPENDENCY_CHECK,Required source dependency members were not committed; no phantom obstacles or supports were inserted.,NF-FJ-01|NF-FJ-02|NF-FJ-03|NF-FJ-04|NF-FJ-05|NF-FJ-06|NF-FJ-07,,8,8,,,0.001001119613647461
45,NF-DECK-09,DECK,BLOCKED_PREDECESSORS,False,DEPENDENCY_CHECK,Required source dependency members were not committed; no phantom obstacles or supports were inserted.,NF-FJ-01|NF-FJ-02|NF-FJ-03|NF-FJ-04|NF-FJ-05|NF-FJ-06|NF-FJ-07,,8,8,,,0.0010018348693847656
46,NF-DECK-10,DECK,BLOCKED_PREDECESSORS,False,DEPENDENCY_CHECK,Required source dependency members were not committed; no phantom obstacles or supports were inserted.,NF-FJ-01|NF-FJ-02|NF-FJ-03|NF-FJ-04|NF-FJ-05|NF-FJ-06|NF-FJ-07,,8,8,,,0.0
47,NF-DECK-11,DECK,BLOCKED_PREDECESSORS,False,DEPENDENCY_CHECK,Required source dependency members were not committed; no phantom obstacles or supports were inserted.,NF-FJ-01|NF-FJ-02|NF-FJ-03|NF-FJ-04|NF-FJ-05|NF-FJ-06|NF-FJ-07,,8,8,,,0.0
48,NF-DECK-12,DECK,BLOCKED_PREDECESSORS,False,DEPENDENCY_CHECK,Required source dependency members were not committed; no phantom obstacles or supports were inserted.,NF-FJ-01|NF-FJ-02|NF-FJ-03|NF-FJ-04|NF-FJ-05|NF-FJ-06|NF-FJ-07,,8,8,,,0.0
49,NF-DECK-13,DECK,BLOCKED_PREDECESSORS,False,DEPENDENCY_CHECK,Required source dependency members were not committed; no phantom obstacles or supports were inserted.,NF-FJ-01|NF-FJ-02|NF-FJ-03|NF-FJ-04|NF-FJ-05|NF-FJ-06|NF-FJ-07,,8,8,,,0.0
50,NF-DECK-14,DECK,BLOCKED_PREDECESSORS,False,DEPENDENCY_CHECK,Required source dependency members were not committed; no phantom obstacles or supports were inserted.,NF-FJ-01|NF-FJ-02|NF-FJ-03|NF-FJ-04|NF-FJ-05|NF-FJ-06|NF-FJ-07,,8,8,,,0.0005171298980712891
51,NF-RAIL-01,RAIL,BLOCKED_PREDECESSORS,False,DEPENDENCY_CHECK,Required source dependency members were not committed; no phantom obstacles or supports were inserted.,NF-DECK-08|NF-DECK-09|NF-DECK-10|NF-DECK-11|NF-DECK-12|NF-DECK-13|NF-DECK-14|NF-FE-02|NF-UP-02|NF-UP-03,CROSS_SECTION_OUTSIDE_150_TO_205_MM_BASELINE_CLAMP,8,8,,,0.0
52,NF-RAIL-02,RAIL,BLOCKED_PREDECESSORS,False,DEPENDENCY_CHECK,Required source dependency members were not committed; no phantom obstacles or supports were inserted.,NF-DECK-01|NF-DECK-02|NF-DECK-03|NF-DECK-04|NF-DECK-05|NF-DECK-06|NF-DECK-07|NF-FE-01|NF-UP-02|NF-UP-04,CROSS_SECTION_OUTSIDE_150_TO_205_MM_BASELINE_CLAMP,8,8,,,0.0
53,NF-RAIL-03,RAIL,BLOCKED_PREDECESSORS,False,DEPENDENCY_CHECK,Required source dependency members were not committed; no phantom obstacles or supports were inserted.,NF-DECK-08|NF-DECK-09|NF-DECK-10|NF-DECK-11|NF-DECK-12|NF-DECK-13|NF-DECK-14|NF-FE-02|NF-UP-01|NF-UP-06,CROSS_SECTION_OUTSIDE_150_TO_205_MM_BASELINE_CLAMP,8,8,,,0.0
54,NF-RAIL-04,RAIL,BLOCKED_PREDECESSORS,False,DEPENDENCY_CHECK,Required source dependency members were not committed; no phantom obstacles or supports were inserted.,NF-DECK-01|NF-DECK-02|NF-DECK-03|NF-DECK-04|NF-DECK-05|NF-DECK-06|NF-DECK-07|NF-FE-01|NF-UP-01|NF-UP-05,CROSS_SECTION_OUTSIDE_150_TO_205_MM_BASELINE_CLAMP,8,8,,,0.0010004043579101562
55,NF-UB-01,UB,BLOCKED_PREDECESSORS,False,DEPENDENCY_CHECK,Required source dependency members were not committed; no phantom obstacles or supports were inserted.,NF-FE-01|NF-UP-05,CROSS_SECTION_OUTSIDE_150_TO_205_MM_BASELINE_CLAMP,8,8,,,0.0
56,NF-UB-02,UB,BLOCKED_PREDECESSORS,False,DEPENDENCY_CHECK,Required source dependency members were not committed; no phantom obstacles or supports were inserted.,NF-FE-01|NF-UP-04,CROSS_SECTION_OUTSIDE_150_TO_205_MM_BASELINE_CLAMP,8,8,,,0.0010001659393310547
57,NF-UB-03,UB,BLOCKED_PREDECESSORS,False,DEPENDENCY_CHECK,Required source dependency members were not committed; no phantom obstacles or supports were inserted.,NF-FE-02|NF-UP-06,CROSS_SECTION_OUTSIDE_150_TO_205_MM_BASELINE_CLAMP,8,8,,,0.0
58,NF-UB-04,UB,BLOCKED_PREDECESSORS,False,DEPENDENCY_CHECK,Required source dependency members were not committed; no phantom obstacles or supports were inserted.,NF-FE-02|NF-UP-03,CROSS_SECTION_OUTSIDE_150_TO_205_MM_BASELINE_CLAMP,8,8,,,0.0
59,NF-UB-05,UB,BLOCKED_PREDECESSORS,False,DEPENDENCY_CHECK,Required source dependency members were not committed; no phantom obstacles or supports were inserted.,NF-RAIL-02|NF-UP-04,CROSS_SECTION_OUTSIDE_150_TO_205_MM_BASELINE_CLAMP,8,8,,,0.001001119613647461
60,NF-UB-06,UB,BLOCKED_PREDECESSORS,False,DEPENDENCY_CHECK,Required source dependency members were not committed; no phantom obstacles or supports were inserted.,NF-RAIL-01|NF-UP-03,CROSS_SECTION_OUTSIDE_150_TO_205_MM_BASELINE_CLAMP,8,8,,,0.0
61,NF-UB-07,UB,BLOCKED_PREDECESSORS,False,DEPENDENCY_CHECK,Required source dependency members were not committed; no phantom obstacles or supports were inserted.,NF-RAIL-03|NF-UP-06,CROSS_SECTION_OUTSIDE_150_TO_205_MM_BASELINE_CLAMP,8,8,,,0.0
62,NF-UB-08,UB,BLOCKED_PREDECESSORS,False,DEPENDENCY_CHECK,Required source dependency members were not committed; no phantom obstacles or supports were inserted.,NF-RAIL-04|NF-UP-05,CROSS_SECTION_OUTSIDE_150_TO_205_MM_BASELINE_CLAMP,8,8,,,0.0
63,NF-PLATE-01,PLATE,BLOCKED_PREDECESSORS,False,DEPENDENCY_CHECK,Required source dependency members were not committed; no phantom obstacles or supports were inserted.,NF-UP-01|NF-UP-05|NF-UP-06,,8,8,,,0.0010004043579101562
64,NF-PLATE-02,PLATE,BLOCKED_PREDECESSORS,False,DEPENDENCY_CHECK,Required source dependency members were not committed; no phantom obstacles or supports were inserted.,NF-UP-02|NF-UP-03|NF-UP-04,,8,8,,,0.0
65,NF-PURLIN-01,PURLIN,BLOCKED_PREDECESSORS,False,DEPENDENCY_CHECK,Required source dependency members were not committed; no phantom obstacles or supports were inserted.,NF-PLATE-01|NF-PLATE-02|NF-UP-04|NF-UP-05,CROSS_SECTION_OUTSIDE_150_TO_205_MM_BASELINE_CLAMP,8,8,,,0.0
66,NF-PURLIN-02,PURLIN,BLOCKED_PREDECESSORS,False,DEPENDENCY_CHECK,Required source dependency members were not committed; no phantom obstacles or supports were inserted.,NF-PLATE-01|NF-PLATE-02|NF-UP-03|NF-UP-06,CROSS_SECTION_OUTSIDE_150_TO_205_MM_BASELINE_CLAMP,8,8,,,0.0
67,NF-PURLIN-03,PURLIN,BLOCKED_PREDECESSORS,False,DEPENDENCY_CHECK,Required source dependency members were not committed; no phantom obstacles or supports were inserted.,NF-UP-01|NF-UP-02,CROSS_SECTION_OUTSIDE_150_TO_205_MM_BASELINE_CLAMP,8,8,,,0.0010006427764892578
68,NF-RAF-01,RAF,BLOCKED_PREDECESSORS,False,DEPENDENCY_CHECK,Required source dependency members were not committed; no phantom obstacles or supports were inserted.,NF-PURLIN-02|NF-PURLIN-03,CROSS_SECTION_OUTSIDE_150_TO_205_MM_BASELINE_CLAMP,8,8,,,0.0010004043579101562
69,NF-RAF-02,RAF,BLOCKED_PREDECESSORS,False,DEPENDENCY_CHECK,Required source dependency members were not committed; no phantom obstacles or supports were inserted.,NF-PURLIN-02|NF-PURLIN-03,CROSS_SECTION_OUTSIDE_150_TO_205_MM_BASELINE_CLAMP,8,8,,,0.0009999275207519531
70,NF-RAF-03,RAF,BLOCKED_PREDECESSORS,False,DEPENDENCY_CHECK,Required source dependency members were not committed; no phantom obstacles or supports were inserted.,NF-PURLIN-02|NF-PURLIN-03,CROSS_SECTION_OUTSIDE_150_TO_205_MM_BASELINE_CLAMP,8,8,,,0.0
71,NF-RAF-04,RAF,BLOCKED_PREDECESSORS,False,DEPENDENCY_CHECK,Required source dependency members were not committed; no phantom obstacles or supports were inserted.,NF-PURLIN-02|NF-PURLIN-03,CROSS_SECTION_OUTSIDE_150_TO_205_MM_BASELINE_CLAMP,8,8,,,0.0
72,NF-RAF-05,RAF,BLOCKED_PREDECESSORS,False,DEPENDENCY_CHECK,Required source dependency members were not committed; no phantom obstacles or supports were inserted.,NF-PURLIN-02|NF-PURLIN-03,CROSS_SECTION_OUTSIDE_150_TO_205_MM_BASELINE_CLAMP,8,8,,,0.000997781753540039
73,NF-RAF-06,RAF,BLOCKED_PREDECESSORS,False,DEPENDENCY_CHECK,Required source dependency members were not committed; no phantom obstacles or supports were inserted.,NF-PURLIN-02|NF-PURLIN-03,CROSS_SECTION_OUTSIDE_150_TO_205_MM_BASELINE_CLAMP,8,8,,,0.0
74,NF-RAF-07,RAF,BLOCKED_PREDECESSORS,False,DEPENDENCY_CHECK,Required source dependency members were not committed; no phantom obstacles or supports were inserted.,NF-PURLIN-02|NF-PURLIN-03,CROSS_SECTION_OUTSIDE_150_TO_205_MM_BASELINE_CLAMP,8,8,,,0.0
75,NF-RAF-08,RAF,BLOCKED_PREDECESSORS,False,DEPENDENCY_CHECK,Required source dependency members were not committed; no phantom obstacles or supports were inserted.,NF-PURLIN-02|NF-PURLIN-03,CROSS_SECTION_OUTSIDE_150_TO_205_MM_BASELINE_CLAMP,8,8,,,0.0
76,NF-RAF-09,RAF,BLOCKED_PREDECESSORS,False,DEPENDENCY_CHECK,Required source dependency members were not committed; no phantom obstacles or supports were inserted.,NF-PURLIN-02|NF-PURLIN-03,CROSS_SECTION_OUTSIDE_150_TO_205_MM_BASELINE_CLAMP,8,8,,,0.0
77,NF-RAF-10,RAF,BLOCKED_PREDECESSORS,False,DEPENDENCY_CHECK,Required source dependency members were not committed; no phantom obstacles or supports were inserted.,NF-PURLIN-02|NF-PURLIN-03,CROSS_SECTION_OUTSIDE_150_TO_205_MM_BASELINE_CLAMP,8,8,,,0.0
78,NF-RAF-11,RAF,BLOCKED_PREDECESSORS,False,DEPENDENCY_CHECK,Required source dependency members were not committed; no phantom obstacles or supports were inserted.,NF-PURLIN-01|NF-PURLIN-03,CROSS_SECTION_OUTSIDE_150_TO_205_MM_BASELINE_CLAMP,8,8,,,0.0
79,NF-RAF-12,RAF,BLOCKED_PREDECESSORS,False,DEPENDENCY_CHECK,Required source dependency members were not committed; no phantom obstacles or supports were inserted.,NF-PURLIN-01|NF-PURLIN-03,CROSS_SECTION_OUTSIDE_150_TO_205_MM_BASELINE_CLAMP,8,8,,,0.0
80,NF-RAF-13,RAF,BLOCKED_PREDECESSORS,False,DEPENDENCY_CHECK,Required source dependency members were not committed; no phantom obstacles or supports were inserted.,NF-PURLIN-01|NF-PURLIN-03,CROSS_SECTION_OUTSIDE_150_TO_205_MM_BASELINE_CLAMP,8,8,,,0.0
81,NF-RAF-14,RAF,BLOCKED_PREDECESSORS,False,DEPENDENCY_CHECK,Required source dependency members were not committed; no phantom obstacles or supports were inserted.,NF-PURLIN-01|NF-PURLIN-03,CROSS_SECTION_OUTSIDE_150_TO_205_MM_BASELINE_CLAMP,8,8,,,0.0
82,NF-RAF-15,RAF,BLOCKED_PREDECESSORS,False,DEPENDENCY_CHECK,Required source dependency members were not committed; no phantom obstacles or supports were inserted.,NF-PURLIN-01|NF-PURLIN-03,CROSS_SECTION_OUTSIDE_150_TO_205_MM_BASELINE_CLAMP,8,8,,,0.0
83,NF-RAF-16,RAF,BLOCKED_PREDECESSORS,False,DEPENDENCY_CHECK,Required source dependency members were not committed; no phantom obstacles or supports were inserted.,NF-PURLIN-01|NF-PURLIN-03,CROSS_SECTION_OUTSIDE_150_TO_205_MM_BASELINE_CLAMP,8,8,,,0.0
84,NF-RAF-17,RAF,BLOCKED_PREDECESSORS,False,DEPENDENCY_CHECK,Required source dependency members were not committed; no phantom obstacles or supports were inserted.,NF-PURLIN-01|NF-PURLIN-03,CROSS_SECTION_OUTSIDE_150_TO_205_MM_BASELINE_CLAMP,8,8,,,0.0
85,NF-RAF-18,RAF,BLOCKED_PREDECESSORS,False,DEPENDENCY_CHECK,Required source dependency members were not committed; no phantom obstacles or supports were inserted.,NF-PURLIN-01|NF-PURLIN-03,CROSS_SECTION_OUTSIDE_150_TO_205_MM_BASELINE_CLAMP,8,8,,,0.0
86,NF-RAF-19,RAF,BLOCKED_PREDECESSORS,False,DEPENDENCY_CHECK,Required source dependency members were not committed; no phantom obstacles or supports were inserted.,NF-PURLIN-01|NF-PURLIN-03,CROSS_SECTION_OUTSIDE_150_TO_205_MM_BASELINE_CLAMP,8,8,,,0.0
87,NF-RAF-20,RAF,BLOCKED_PREDECESSORS,False,DEPENDENCY_CHECK,Required source dependency members were not committed; no phantom obstacles or supports were inserted.,NF-PURLIN-01|NF-PURLIN-03,CROSS_SECTION_OUTSIDE_150_TO_205_MM_BASELINE_CLAMP,8,8,,,0.0
88,NF-BATTEN-01,BATTEN,BLOCKED_PREDECESSORS,False,DEPENDENCY_CHECK,Required source dependency members were not committed; no phantom obstacles or supports were inserted.,NF-RAF-11|NF-RAF-12|NF-RAF-13|NF-RAF-14|NF-RAF-15|NF-RAF-16|NF-RAF-17|NF-RAF-18|NF-RAF-19|NF-RAF-20,,8,8,,,0.0
89,NF-BATTEN-02,BATTEN,BLOCKED_PREDECESSORS,False,DEPENDENCY_CHECK,Required source dependency members were not committed; no phantom obstacles or supports were inserted.,NF-RAF-11|NF-RAF-12|NF-RAF-13|NF-RAF-14|NF-RAF-15|NF-RAF-16|NF-RAF-17|NF-RAF-18|NF-RAF-19|NF-RAF-20,,8,8,,,0.0010006427764892578
90,NF-BATTEN-03,BATTEN,BLOCKED_PREDECESSORS,False,DEPENDENCY_CHECK,Required source dependency members were not committed; no phantom obstacles or supports were inserted.,NF-RAF-11|NF-RAF-12|NF-RAF-13|NF-RAF-14|NF-RAF-15|NF-RAF-16|NF-RAF-17|NF-RAF-18|NF-RAF-19|NF-RAF-20,,8,8,,,0.0
91,NF-BATTEN-04,BATTEN,BLOCKED_PREDECESSORS,False,DEPENDENCY_CHECK,Required source dependency members were not committed; no phantom obstacles or supports were inserted.,NF-RAF-11|NF-RAF-12|NF-RAF-13|NF-RAF-14|NF-RAF-15|NF-RAF-16|NF-RAF-17|NF-RAF-18|NF-RAF-19|NF-RAF-20,,8,8,,,0.0
92,NF-BATTEN-05,BATTEN,BLOCKED_PREDECESSORS,False,DEPENDENCY_CHECK,Required source dependency members were not committed; no phantom obstacles or supports were inserted.,NF-RAF-11|NF-RAF-12|NF-RAF-13|NF-RAF-14|NF-RAF-15|NF-RAF-16|NF-RAF-17|NF-RAF-18|NF-RAF-19|NF-RAF-20,,8,8,,,0.0
93,NF-BATTEN-06,BATTEN,BLOCKED_PREDECESSORS,False,DEPENDENCY_CHECK,Required source dependency members were not committed; no phantom obstacles or supports were inserted.,NF-RAF-01|NF-RAF-02|NF-RAF-03|NF-RAF-04|NF-RAF-05|NF-RAF-06|NF-RAF-07|NF-RAF-08|NF-RAF-09|NF-RAF-10,,8,8,,,0.0
94,NF-BATTEN-07,BATTEN,BLOCKED_PREDECESSORS,False,DEPENDENCY_CHECK,Required source dependency members were not committed; no phantom obstacles or supports were inserted.,NF-RAF-01|NF-RAF-02|NF-RAF-03|NF-RAF-04|NF-RAF-05|NF-RAF-06|NF-RAF-07|NF-RAF-08|NF-RAF-09|NF-RAF-10,,8,8,,,0.0
95,NF-BATTEN-08,BATTEN,BLOCKED_PREDECESSORS,False,DEPENDENCY_CHECK,Required source dependency members were not committed; no phantom obstacles or supports were inserted.,NF-RAF-01|NF-RAF-02|NF-RAF-03|NF-RAF-04|NF-RAF-05|NF-RAF-06|NF-RAF-07|NF-RAF-08|NF-RAF-09|NF-RAF-10,,8,8,,,0.0
96,NF-BATTEN-09,BATTEN,BLOCKED_PREDECESSORS,False,DEPENDENCY_CHECK,Required source dependency members were not committed; no phantom obstacles or supports were inserted.,NF-RAF-01|NF-RAF-02|NF-RAF-03|NF-RAF-04|NF-RAF-05|NF-RAF-06|NF-RAF-07|NF-RAF-08|NF-RAF-09|NF-RAF-10,,8,8,,,0.0
97,NF-BATTEN-10,BATTEN,BLOCKED_PREDECESSORS,False,DEPENDENCY_CHECK,Required source dependency members were not committed; no phantom obstacles or supports were inserted.,NF-RAF-01|NF-RAF-02|NF-RAF-03|NF-RAF-04|NF-RAF-05|NF-RAF-06|NF-RAF-07|NF-RAF-08|NF-RAF-09|NF-RAF-10,,8,8,,,0.00099945068359375
98,NF-COVER-01,COVER,BLOCKED_PREDECESSORS,False,DEPENDENCY_CHECK,Required source dependency members were not committed; no phantom obstacles or supports were inserted.,NF-BATTEN-06|NF-BATTEN-07|NF-BATTEN-08|NF-BATTEN-09|NF-BATTEN-10,NO_SOURCE_GRASP_REGION,8,8,,,0.0
99,NF-COVER-02,COVER,BLOCKED_PREDECESSORS,False,DEPENDENCY_CHECK,Required source dependency members were not committed; no phantom obstacles or supports were inserted.,NF-BATTEN-06|NF-BATTEN-07|NF-BATTEN-08|NF-BATTEN-09|NF-BATTEN-10,NO_SOURCE_GRASP_REGION,8,8,,,0.0
100,NF-COVER-03,COVER,BLOCKED_PREDECESSORS,False,DEPENDENCY_CHECK,Required source dependency members were not committed; no phantom obstacles or supports were inserted.,NF-BATTEN-06|NF-BATTEN-07|NF-BATTEN-08|NF-BATTEN-09|NF-BATTEN-10,NO_SOURCE_GRASP_REGION,8,8,,,0.0
101,NF-COVER-04,COVER,BLOCKED_PREDECESSORS,False,DEPENDENCY_CHECK,Required source dependency members were not committed; no phantom obstacles or supports were inserted.,NF-BATTEN-06|NF-BATTEN-07|NF-BATTEN-08|NF-BATTEN-09|NF-BATTEN-10,NO_SOURCE_GRASP_REGION,8,8,,,0.0
102,NF-COVER-05,COVER,BLOCKED_PREDECESSORS,False,DEPENDENCY_CHECK,Required source dependency members were not committed; no phantom obstacles or supports were inserted.,NF-BATTEN-01|NF-BATTEN-02|NF-BATTEN-03|NF-BATTEN-04|NF-BATTEN-05,NO_SOURCE_GRASP_REGION,8,8,,,0.0
103,NF-COVER-06,COVER,BLOCKED_PREDECESSORS,False,DEPENDENCY_CHECK,Required source dependency members were not committed; no phantom obstacles or supports were inserted.,NF-BATTEN-01|NF-BATTEN-02|NF-BATTEN-03|NF-BATTEN-04|NF-BATTEN-05,NO_SOURCE_GRASP_REGION,8,8,,,0.0
104,NF-COVER-07,COVER,BLOCKED_PREDECESSORS,False,DEPENDENCY_CHECK,Required source dependency members were not committed; no phantom obstacles or supports were inserted.,NF-BATTEN-01|NF-BATTEN-02|NF-BATTEN-03|NF-BATTEN-04|NF-BATTEN-05,NO_SOURCE_GRASP_REGION,8,8,,,0.0
105,NF-COVER-08,COVER,BLOCKED_PREDECESSORS,False,DEPENDENCY_CHECK,Required source dependency members were not committed; no phantom obstacles or supports were inserted.,NF-BATTEN-01|NF-BATTEN-02|NF-BATTEN-03|NF-BATTEN-04|NF-BATTEN-05,NO_SOURCE_GRASP_REGION,8,8,,,0.0
106,NF-CLAD-01,CLAD,BLOCKED_PREDECESSORS,False,DEPENDENCY_CHECK,Required source dependency members were not committed; no phantom obstacles or supports were inserted.,NF-DECK-13|NF-FB-02|NF-FE-02|NF-FJ-02|NF-LB-06|NF-RAIL-03|NF-UP-06,,8,8,,,0.0010006427764892578
107,NF-CLAD-02,CLAD,BLOCKED_PREDECESSORS,False,DEPENDENCY_CHECK,Required source dependency members were not committed; no phantom obstacles or supports were inserted.,NF-DECK-08|NF-FJ-02|NF-LB-06|NF-RAIL-03,,8,8,,,0.0
108,NF-CLAD-03,CLAD,BLOCKED_PREDECESSORS,False,DEPENDENCY_CHECK,Required source dependency members were not committed; no phantom obstacles or supports were inserted.,NF-DECK-09|NF-DECK-10|NF-FJ-02|NF-LB-06|NF-RAIL-03,,8,8,,,0.0009999275207519531
109,NF-CLAD-04,CLAD,BLOCKED_PREDECESSORS,False,DEPENDENCY_CHECK,Required source dependency members were not committed; no phantom obstacles or supports were inserted.,NF-DECK-10|NF-DECK-11|NF-FJ-02|NF-LB-06|NF-RAIL-03,,8,8,,,0.0
110,NF-CLAD-05,CLAD,BLOCKED_PREDECESSORS,False,DEPENDENCY_CHECK,Required source dependency members were not committed; no phantom obstacles or supports were inserted.,NF-DECK-11|NF-DECK-12|NF-FJ-02|NF-LB-06|NF-RAIL-03|NF-UB-07,,8,8,,,0.0009989738464355469
111,NF-CLAD-06,CLAD,BLOCKED_PREDECESSORS,False,DEPENDENCY_CHECK,Required source dependency members were not committed; no phantom obstacles or supports were inserted.,NF-DECK-12|NF-DECK-14|NF-FJ-02|NF-LB-06|NF-RAIL-03,,8,8,,,0.0010001659393310547
112,NF-CLAD-07,CLAD,BLOCKED_PREDECESSORS,False,DEPENDENCY_CHECK,Required source dependency members were not committed; no phantom obstacles or supports were inserted.,NF-DECK-14|NF-FJ-02|NF-LB-06|NF-LS-01|NF-RAIL-03|NF-UP-01,,8,8,,,0.0
113,NF-CLAD-08,CLAD,BLOCKED_PREDECESSORS,False,DEPENDENCY_CHECK,Required source dependency members were not committed; no phantom obstacles or supports were inserted.,NF-DECK-06|NF-FJ-02|NF-LB-05|NF-LS-01|NF-RAIL-04|NF-UP-01,,8,8,,,0.0
114,NF-CLAD-09,CLAD,BLOCKED_PREDECESSORS,False,DEPENDENCY_CHECK,Required source dependency members were not committed; no phantom obstacles or supports were inserted.,NF-DECK-01|NF-DECK-06|NF-FJ-02|NF-LB-05|NF-RAIL-04,,8,8,,,0.0
115,NF-CLAD-10,CLAD,BLOCKED_PREDECESSORS,False,DEPENDENCY_CHECK,Required source dependency members were not committed; no phantom obstacles or supports were inserted.,NF-DECK-01|NF-DECK-02|NF-FJ-02|NF-LB-05|NF-RAIL-04|NF-UB-08,,8,8,,,0.0009999275207519531
116,NF-CLAD-11,CLAD,BLOCKED_PREDECESSORS,False,DEPENDENCY_CHECK,Required source dependency members were not committed; no phantom obstacles or supports were inserted.,NF-DECK-02|NF-DECK-03|NF-FJ-02|NF-LB-05|NF-RAIL-04,,8,8,,,0.0
117,NF-CLAD-12,CLAD,BLOCKED_PREDECESSORS,False,DEPENDENCY_CHECK,Required source dependency members were not committed; no phantom obstacles or supports were inserted.,NF-DECK-03|NF-DECK-04|NF-FJ-02|NF-LB-05|NF-RAIL-04,,8,8,,,0.0009992122650146484
118,NF-CLAD-13,CLAD,BLOCKED_PREDECESSORS,False,DEPENDENCY_CHECK,Required source dependency members were not committed; no phantom obstacles or supports were inserted.,NF-DECK-05|NF-FJ-02|NF-LB-05|NF-RAIL-04,,8,8,,,0.0
119,NF-CLAD-14,CLAD,BLOCKED_PREDECESSORS,False,DEPENDENCY_CHECK,Required source dependency members were not committed; no phantom obstacles or supports were inserted.,NF-DECK-07|NF-FB-01|NF-FE-01|NF-FJ-02|NF-LB-05|NF-RAIL-04|NF-UP-05,,8,8,,,0.0
120,NF-CLAD-15,CLAD,BLOCKED_PREDECESSORS,False,DEPENDENCY_CHECK,Required source dependency members were not committed; no phantom obstacles or supports were inserted.,NF-FB-01|NF-FE-01|NF-FJ-02|NF-LB-04,,8,8,,,0.0009999275207519531
121,NF-CLAD-16,CLAD,BLOCKED_PREDECESSORS,False,DEPENDENCY_CHECK,Required source dependency members were not committed; no phantom obstacles or supports were inserted.,NF-FB-01|NF-FE-01|NF-LB-04,,8,8,,,0.0
122,NF-CLAD-17,CLAD,BLOCKED_PREDECESSORS,False,DEPENDENCY_CHECK,Required source dependency members were not committed; no phantom obstacles or supports were inserted.,NF-FB-01|NF-FE-01|NF-FJ-07|NF-LB-04,,8,8,,,0.0010006427764892578
123,NF-CLAD-18,CLAD,BLOCKED_PREDECESSORS,False,DEPENDENCY_CHECK,Required source dependency members were not committed; no phantom obstacles or supports were inserted.,NF-FB-01|NF-FE-01|NF-LB-04,,8,8,,,0.0
124,NF-CLAD-19,CLAD,BLOCKED_PREDECESSORS,False,DEPENDENCY_CHECK,Required source dependency members were not committed; no phantom obstacles or supports were inserted.,NF-FB-01|NF-FE-01|NF-FJ-06|NF-LB-04|NF-UB-01,,8,8,,,0.0
125,NF-CLAD-20,CLAD,BLOCKED_PREDECESSORS,False,DEPENDENCY_CHECK,Required source dependency members were not committed; no phantom obstacles or supports were inserted.,NF-FB-01|NF-FE-01|NF-LB-04,,8,8,,,0.0009999275207519531
126,NF-CLAD-21,CLAD,BLOCKED_PREDECESSORS,False,DEPENDENCY_CHECK,Required source dependency members were not committed; no phantom obstacles or supports were inserted.,NF-FB-01|NF-FE-01|NF-FJ-03|NF-LB-04|NF-LS-04,,8,8,,,0.0
127,NF-CLAD-22,CLAD,BLOCKED_PREDECESSORS,False,DEPENDENCY_CHECK,Required source dependency members were not committed; no phantom obstacles or supports were inserted.,NF-FB-01|NF-FE-01|NF-FJ-03|NF-LB-03|NF-LS-04,,8,8,,,0.0009989738464355469
128,NF-CLAD-23,CLAD,BLOCKED_PREDECESSORS,False,DEPENDENCY_CHECK,Required source dependency members were not committed; no phantom obstacles or supports were inserted.,NF-FB-01|NF-FE-01|NF-LB-03,,8,8,,,0.0010058879852294922
129,NF-CLAD-24,CLAD,BLOCKED_PREDECESSORS,False,DEPENDENCY_CHECK,Required source dependency members were not committed; no phantom obstacles or supports were inserted.,NF-FB-01|NF-FE-01|NF-FJ-04|NF-LB-03|NF-UB-02,,8,8,,,0.0010023117065429688
130,NF-CLAD-25,CLAD,BLOCKED_PREDECESSORS,False,DEPENDENCY_CHECK,Required source dependency members were not committed; no phantom obstacles or supports were inserted.,NF-FB-01|NF-FE-01|NF-LB-03,,8,8,,,0.0010013580322265625
131,NF-CLAD-26,CLAD,BLOCKED_PREDECESSORS,False,DEPENDENCY_CHECK,Required source dependency members were not committed; no phantom obstacles or supports were inserted.,NF-FB-01|NF-FE-01|NF-FJ-05|NF-LB-03,,8,8,,,0.0
132,NF-CLAD-27,CLAD,BLOCKED_PREDECESSORS,False,DEPENDENCY_CHECK,Required source dependency members were not committed; no phantom obstacles or supports were inserted.,NF-FB-01|NF-FE-01|NF-LB-03,,8,8,,,0.0
133,NF-CLAD-28,CLAD,BLOCKED_PREDECESSORS,False,DEPENDENCY_CHECK,Required source dependency members were not committed; no phantom obstacles or supports were inserted.,NF-FB-01|NF-FE-01|NF-FJ-01|NF-LB-03,,8,8,,,0.0
134,NF-CLAD-29,CLAD,BLOCKED_PREDECESSORS,False,DEPENDENCY_CHECK,Required source dependency members were not committed; no phantom obstacles or supports were inserted.,NF-DECK-07|NF-FB-01|NF-FE-01|NF-FJ-01|NF-LB-02|NF-RAIL-02|NF-UP-04,,8,8,,,0.0010001659393310547
135,NF-CLAD-30,CLAD,BLOCKED_PREDECESSORS,False,DEPENDENCY_CHECK,Required source dependency members were not committed; no phantom obstacles or supports were inserted.,NF-DECK-05|NF-FJ-01|NF-LB-02|NF-RAIL-02,,8,8,,,0.0
136,NF-CLAD-31,CLAD,BLOCKED_PREDECESSORS,False,DEPENDENCY_CHECK,Required source dependency members were not committed; no phantom obstacles or supports were inserted.,NF-DECK-03|NF-DECK-04|NF-FJ-01|NF-LB-02|NF-RAIL-02,,8,8,,,0.0010001659393310547
137,NF-CLAD-32,CLAD,BLOCKED_PREDECESSORS,False,DEPENDENCY_CHECK,Required source dependency members were not committed; no phantom obstacles or supports were inserted.,NF-DECK-02|NF-DECK-03|NF-FJ-01|NF-LB-02|NF-RAIL-02,,8,8,,,0.0
138,NF-CLAD-33,CLAD,BLOCKED_PREDECESSORS,False,DEPENDENCY_CHECK,Required source dependency members were not committed; no phantom obstacles or supports were inserted.,NF-DECK-01|NF-DECK-02|NF-FJ-01|NF-LB-02|NF-RAIL-02|NF-UB-05,,8,8,,,0.0
139,NF-CLAD-34,CLAD,BLOCKED_PREDECESSORS,False,DEPENDENCY_CHECK,Required source dependency members were not committed; no phantom obstacles or supports were inserted.,NF-DECK-01|NF-DECK-06|NF-FJ-01|NF-LB-02|NF-RAIL-02,,8,8,,,0.001001119613647461
140,NF-CLAD-35,CLAD,BLOCKED_PREDECESSORS,False,DEPENDENCY_CHECK,Required source dependency members were not committed; no phantom obstacles or supports were inserted.,NF-DECK-06|NF-FJ-01|NF-LB-02|NF-LS-02|NF-RAIL-02|NF-UP-02,,8,8,,,0.0009989738464355469
141,NF-CLAD-36,CLAD,BLOCKED_PREDECESSORS,False,DEPENDENCY_CHECK,Required source dependency members were not committed; no phantom obstacles or supports were inserted.,NF-DECK-14|NF-FJ-01|NF-LB-01|NF-LS-02|NF-RAIL-01|NF-UP-02,,8,8,,,0.0
142,NF-CLAD-37,CLAD,BLOCKED_PREDECESSORS,False,DEPENDENCY_CHECK,Required source dependency members were not committed; no phantom obstacles or supports were inserted.,NF-DECK-12|NF-DECK-14|NF-FJ-01|NF-LB-01|NF-RAIL-01,,8,8,,,0.0
143,NF-CLAD-38,CLAD,BLOCKED_PREDECESSORS,False,DEPENDENCY_CHECK,Required source dependency members were not committed; no phantom obstacles or supports were inserted.,NF-DECK-11|NF-DECK-12|NF-FJ-01|NF-LB-01|NF-RAIL-01|NF-UB-06,,8,8,,,0.0
144,NF-CLAD-39,CLAD,BLOCKED_PREDECESSORS,False,DEPENDENCY_CHECK,Required source dependency members were not committed; no phantom obstacles or supports were inserted.,NF-DECK-10|NF-DECK-11|NF-FJ-01|NF-LB-01|NF-RAIL-01,,8,8,,,0.0010004043579101562
145,NF-CLAD-40,CLAD,BLOCKED_PREDECESSORS,False,DEPENDENCY_CHECK,Required source dependency members were not committed; no phantom obstacles or supports were inserted.,NF-DECK-09|NF-DECK-10|NF-FJ-01|NF-LB-01|NF-RAIL-01,,8,8,,,0.0
146,NF-CLAD-41,CLAD,BLOCKED_PREDECESSORS,False,DEPENDENCY_CHECK,Required source dependency members were not committed; no phantom obstacles or supports were inserted.,NF-DECK-08|NF-FJ-01|NF-LB-01|NF-RAIL-01,,8,8,,,0.0
147,NF-CLAD-42,CLAD,BLOCKED_PREDECESSORS,False,DEPENDENCY_CHECK,Required source dependency members were not committed; no phantom obstacles or supports were inserted.,NF-DECK-13|NF-FB-02|NF-FE-02|NF-FJ-01|NF-LB-01|NF-RAIL-01|NF-UP-03,,8,8,,,0.0
148,NF-CLAD-43,CLAD,BLOCKED_PREDECESSORS,False,DEPENDENCY_CHECK,Required source dependency members were not committed; no phantom obstacles or supports were inserted.,NF-FB-02|NF-FE-02|NF-FJ-02|NF-LB-07,,8,8,,,0.0009992122650146484
149,NF-CLAD-44,CLAD,BLOCKED_PREDECESSORS,False,DEPENDENCY_CHECK,Required source dependency members were not committed; no phantom obstacles or supports were inserted.,NF-FB-02|NF-FE-02|NF-LB-07,,8,8,,,0.0
150,NF-CLAD-45,CLAD,BLOCKED_PREDECESSORS,False,DEPENDENCY_CHECK,Required source dependency members were not committed; no phantom obstacles or supports were inserted.,NF-FB-02|NF-FE-02|NF-FJ-07|NF-LB-07,,8,8,,,0.0009989738464355469
151,NF-CLAD-46,CLAD,BLOCKED_PREDECESSORS,False,DEPENDENCY_CHECK,Required source dependency members were not committed; no phantom obstacles or supports were inserted.,NF-FB-02|NF-FE-02|NF-LB-07,,8,8,,,0.0010025501251220703
152,NF-CLAD-47,CLAD,BLOCKED_PREDECESSORS,False,DEPENDENCY_CHECK,Required source dependency members were not committed; no phantom obstacles or supports were inserted.,NF-FB-02|NF-FE-02|NF-FJ-06|NF-LB-07|NF-UB-03,,8,8,,,0.0
153,NF-CLAD-48,CLAD,BLOCKED_PREDECESSORS,False,DEPENDENCY_CHECK,Required source dependency members were not committed; no phantom obstacles or supports were inserted.,NF-FB-02|NF-FE-02|NF-LB-07,,8,8,,,0.0
154,NF-CLAD-49,CLAD,BLOCKED_PREDECESSORS,False,DEPENDENCY_CHECK,Required source dependency members were not committed; no phantom obstacles or supports were inserted.,NF-FB-02|NF-FE-02|NF-FJ-03|NF-LB-07|NF-LS-03,,8,8,,,0.0
155,NF-CLAD-50,CLAD,BLOCKED_PREDECESSORS,False,DEPENDENCY_CHECK,Required source dependency members were not committed; no phantom obstacles or supports were inserted.,NF-FB-02|NF-FE-02|NF-FJ-01,,8,8,,,0.0009989738464355469
