cell,component_id,class_code,step,status,tested_tcp_targets,ik_solutions,collision_clear_endpoint,collision_world_members
A,NF-BASE-01,BASE,1,NO_IK_IN_CANDIDATES,36,0,False,0
A,NF-BASE-04,BASE,2,CLEAR_ENDPOINT_ONLY,10,1,True,1
A,NF-BASE-02,BASE,3,CLEAR_ENDPOINT_ONLY,10,2,True,2
A,NF-BASE-03,BASE,4,CLEAR_ENDPOINT_ONLY,10,2,True,3
A,NF-LP-01,LP,5,CLEAR_ENDPOINT_ONLY,19,1,True,4
A,NF-LP-02,LP,6,CLEAR_ENDPOINT_ONLY,19,1,True,5
A,NF-LP-03,LP,7,CLEAR_ENDPOINT_ONLY,5,2,True,6
A,NF-LP-04,LP,8,CLEAR_ENDPOINT_ONLY,5,2,True,7
A,NF-LS-01,LS,9,CLEAR_ENDPOINT_ONLY,2,4,True,8
A,NF-LS-02,LS,10,CLEAR_ENDPOINT_ONLY,3,6,True,9
A,NF-LS-03,LS,11,CLEAR_ENDPOINT_ONLY,29,1,True,10
A,NF-LS-04,LS,12,CLEAR_ENDPOINT_ONLY,4,6,True,11
A,NF-LB-01,LB,13,CLEAR_ENDPOINT_ONLY,24,3,True,12
A,NF-LB-02,LB,14,CLEAR_ENDPOINT_ONLY,1,2,True,13
A,NF-LB-03,LB,15,CLEAR_ENDPOINT_ONLY,19,5,True,14
A,NF-LB-04,LB,16,CLEAR_ENDPOINT_ONLY,19,2,True,15
A,NF-LB-05,LB,17,CLEAR_ENDPOINT_ONLY,3,7,True,16
A,NF-LB-06,LB,18,CLEAR_ENDPOINT_ONLY,14,2,True,17
A,NF-LB-07,LB,19,NO_IK_IN_CANDIDATES,36,0,False,18
A,NF-FB-01,FB,20,CLEAR_ENDPOINT_ONLY,14,20,True,19
A,NF-FB-02,FB,21,NO_IK_IN_CANDIDATES,36,0,False,20
A,NF-FJ-01,FJ,22,CLEAR_ENDPOINT_ONLY,13,27,True,21
A,NF-FJ-02,FJ,23,CLEAR_ENDPOINT_ONLY,13,27,True,22
A,NF-FJ-03,FJ,24,CLEAR_ENDPOINT_ONLY,13,27,True,23
A,NF-FJ-04,FJ,25,CLEAR_ENDPOINT_ONLY,9,22,True,24
A,NF-FJ-05,FJ,26,CLEAR_ENDPOINT_ONLY,7,16,True,25
A,NF-FJ-06,FJ,27,CLEAR_ENDPOINT_ONLY,1,3,True,26
A,NF-FJ-07,FJ,28,CLEAR_ENDPOINT_ONLY,9,22,True,27
A,NF-FE-01,FE,29,CLEAR_ENDPOINT_ONLY,14,22,True,28
A,NF-FE-02,FE,30,NO_IK_IN_CANDIDATES,36,0,False,29
A,NF-UP-01,UP,31,NO_IK_IN_CANDIDATES,36,0,False,30
A,NF-UP-02,UP,32,NO_IK_IN_CANDIDATES,36,0,False,31
A,NF-UP-03,UP,33,NO_IK_IN_CANDIDATES,36,0,False,32
A,NF-UP-04,UP,34,CLEAR_ENDPOINT_ONLY,2,8,True,33
A,NF-UP-05,UP,35,CLEAR_ENDPOINT_ONLY,2,8,True,34
A,NF-UP-06,UP,36,NO_IK_IN_CANDIDATES,36,0,False,35
A,NF-DECK-01,DECK,37,IK_FOUND_COLLISION,36,57,False,36
A,NF-DECK-02,DECK,38,IK_FOUND_COLLISION,36,57,False,37
A,NF-DECK-03,DECK,39,IK_FOUND_COLLISION,36,55,False,38
A,NF-DECK-04,DECK,40,IK_FOUND_COLLISION,36,59,False,39
A,NF-DECK-05,DECK,41,IK_FOUND_COLLISION,36,55,False,40
A,NF-DECK-06,DECK,42,IK_FOUND_COLLISION,36,63,False,41
A,NF-DECK-07,DECK,43,IK_FOUND_COLLISION,36,55,False,42
A,NF-DECK-08,DECK,44,IK_FOUND_COLLISION,36,14,False,43
A,NF-DECK-09,DECK,45,IK_FOUND_COLLISION,36,18,False,44
A,NF-DECK-10,DECK,46,IK_FOUND_COLLISION,36,31,False,45
A,NF-DECK-11,DECK,47,IK_FOUND_COLLISION,36,29,False,46
A,NF-DECK-12,DECK,48,IK_FOUND_COLLISION,36,37,False,47
A,NF-DECK-13,DECK,49,NO_IK_IN_CANDIDATES,36,0,False,48
A,NF-DECK-14,DECK,50,IK_FOUND_COLLISION,36,39,False,49
A,NF-RAIL-01,RAIL,51,IK_FOUND_COLLISION,36,15,False,50
A,NF-RAIL-02,RAIL,52,IK_FOUND_COLLISION,36,84,False,51
A,NF-RAIL-03,RAIL,53,IK_FOUND_COLLISION,36,15,False,52
A,NF-RAIL-04,RAIL,54,IK_FOUND_COLLISION,36,84,False,53
A,NF-UB-01,UB,55,CLEAR_ENDPOINT_ONLY,10,24,True,54
A,NF-UB-02,UB,56,CLEAR_ENDPOINT_ONLY,10,8,True,55
A,NF-UB-03,UB,57,NO_IK_IN_CANDIDATES,36,0,False,56
A,NF-UB-04,UB,58,NO_IK_IN_CANDIDATES,36,0,False,57
A,NF-UB-05,UB,59,CLEAR_ENDPOINT_ONLY,19,32,True,58
A,NF-UB-06,UB,60,NO_IK_IN_CANDIDATES,36,0,False,59
A,NF-UB-07,UB,61,NO_IK_IN_CANDIDATES,36,0,False,60
A,NF-UB-08,UB,62,CLEAR_ENDPOINT_ONLY,11,8,True,61
A,NF-PLATE-01,PLATE,63,NO_IK_IN_CANDIDATES,36,0,False,62
A,NF-PLATE-02,PLATE,64,NO_IK_IN_CANDIDATES,36,0,False,63
A,NF-PURLIN-01,PURLIN,65,CLEAR_ENDPOINT_ONLY,28,2,True,64
A,NF-PURLIN-02,PURLIN,66,NO_IK_IN_CANDIDATES,36,0,False,65
A,NF-PURLIN-03,PURLIN,67,NO_IK_IN_CANDIDATES,36,0,False,66
A,NF-RAF-01,RAF,68,NO_IK_IN_CANDIDATES,36,0,False,67
A,NF-RAF-02,RAF,69,NO_IK_IN_CANDIDATES,36,0,False,68
A,NF-RAF-03,RAF,70,NO_IK_IN_CANDIDATES,36,0,False,69
A,NF-RAF-04,RAF,71,NO_IK_IN_CANDIDATES,36,0,False,70
A,NF-RAF-05,RAF,72,NO_IK_IN_CANDIDATES,36,0,False,71
A,NF-RAF-06,RAF,73,NO_IK_IN_CANDIDATES,36,0,False,72
A,NF-RAF-07,RAF,74,NO_IK_IN_CANDIDATES,36,0,False,73
A,NF-RAF-08,RAF,75,NO_IK_IN_CANDIDATES,36,0,False,74
A,NF-RAF-09,RAF,76,NO_IK_IN_CANDIDATES,36,0,False,75
A,NF-RAF-10,RAF,77,NO_IK_IN_CANDIDATES,36,0,False,76
A,NF-RAF-11,RAF,78,NO_IK_IN_CANDIDATES,36,0,False,77
A,NF-RAF-12,RAF,79,NO_IK_IN_CANDIDATES,36,0,False,78
A,NF-RAF-13,RAF,80,NO_IK_IN_CANDIDATES,36,0,False,79
A,NF-RAF-14,RAF,81,NO_IK_IN_CANDIDATES,36,0,False,80
A,NF-RAF-15,RAF,82,NO_IK_IN_CANDIDATES,36,0,False,81
A,NF-RAF-16,RAF,83,NO_IK_IN_CANDIDATES,36,0,False,82
A,NF-RAF-17,RAF,84,NO_IK_IN_CANDIDATES,36,0,False,83
A,NF-RAF-18,RAF,85,NO_IK_IN_CANDIDATES,36,0,False,84
A,NF-RAF-19,RAF,86,NO_IK_IN_CANDIDATES,36,0,False,85
A,NF-RAF-20,RAF,87,NO_IK_IN_CANDIDATES,36,0,False,86
A,NF-BATTEN-01,BATTEN,88,CLEAR_ENDPOINT_ONLY,10,5,True,87
A,NF-BATTEN-02,BATTEN,89,NO_IK_IN_CANDIDATES,36,0,False,88
A,NF-BATTEN-03,BATTEN,90,NO_IK_IN_CANDIDATES,36,0,False,89
A,NF-BATTEN-04,BATTEN,91,NO_IK_IN_CANDIDATES,36,0,False,90
A,NF-BATTEN-05,BATTEN,92,NO_IK_IN_CANDIDATES,36,0,False,91
A,NF-BATTEN-06,BATTEN,93,NO_IK_IN_CANDIDATES,36,0,False,92
A,NF-BATTEN-07,BATTEN,94,NO_IK_IN_CANDIDATES,36,0,False,93
A,NF-BATTEN-08,BATTEN,95,NO_IK_IN_CANDIDATES,36,0,False,94
A,NF-BATTEN-09,BATTEN,96,NO_IK_IN_CANDIDATES,36,0,False,95
A,NF-BATTEN-10,BATTEN,97,NO_IK_IN_CANDIDATES,36,0,False,96
A,NF-COVER-01,COVER,98,NO_CLAMP_GRASP,0,0,False,
A,NF-COVER-02,COVER,99,NO_CLAMP_GRASP,0,0,False,
A,NF-COVER-03,COVER,100,NO_CLAMP_GRASP,0,0,False,
A,NF-COVER-04,COVER,101,NO_CLAMP_GRASP,0,0,False,
A,NF-COVER-05,COVER,102,NO_CLAMP_GRASP,0,0,False,
A,NF-COVER-06,COVER,103,NO_CLAMP_GRASP,0,0,False,
A,NF-COVER-07,COVER,104,NO_CLAMP_GRASP,0,0,False,
A,NF-COVER-08,COVER,105,NO_CLAMP_GRASP,0,0,False,
A,NF-CLAD-01,CLAD,106,IK_FOUND_COLLISION,36,14,False,105
A,NF-CLAD-02,CLAD,107,IK_FOUND_COLLISION,36,17,False,106
A,NF-CLAD-03,CLAD,108,IK_FOUND_COLLISION,36,33,False,107
A,NF-CLAD-04,CLAD,109,IK_FOUND_COLLISION,36,42,False,108
A,NF-CLAD-05,CLAD,110,IK_FOUND_COLLISION,36,49,False,109
A,NF-CLAD-06,CLAD,111,IK_FOUND_COLLISION,36,52,False,110
A,NF-CLAD-07,CLAD,112,IK_FOUND_COLLISION,36,53,False,111
A,NF-CLAD-08,CLAD,113,IK_FOUND_COLLISION,36,55,False,112
A,NF-CLAD-09,CLAD,114,IK_FOUND_COLLISION,36,58,False,113
A,NF-CLAD-10,CLAD,115,IK_FOUND_COLLISION,36,56,False,114
A,NF-CLAD-11,CLAD,116,IK_FOUND_COLLISION,36,45,False,115
A,NF-CLAD-12,CLAD,117,IK_FOUND_COLLISION,36,41,False,116
A,NF-CLAD-13,CLAD,118,IK_FOUND_COLLISION,36,36,False,117
A,NF-CLAD-14,CLAD,119,IK_FOUND_COLLISION,36,27,False,118
A,NF-CLAD-15,CLAD,120,IK_FOUND_COLLISION,36,21,False,119
A,NF-CLAD-16,CLAD,121,IK_FOUND_COLLISION,36,21,False,120
A,NF-CLAD-17,CLAD,122,IK_FOUND_COLLISION,36,21,False,121
A,NF-CLAD-18,CLAD,123,IK_FOUND_COLLISION,36,21,False,122
A,NF-CLAD-19,CLAD,124,IK_FOUND_COLLISION,36,21,False,123
A,NF-CLAD-20,CLAD,125,IK_FOUND_COLLISION,36,21,False,124
A,NF-CLAD-21,CLAD,126,IK_FOUND_COLLISION,36,21,False,125
A,NF-CLAD-22,CLAD,127,IK_FOUND_COLLISION,36,21,False,126
A,NF-CLAD-23,CLAD,128,IK_FOUND_COLLISION,36,21,False,127
A,NF-CLAD-24,CLAD,129,IK_FOUND_COLLISION,36,21,False,128
A,NF-CLAD-25,CLAD,130,IK_FOUND_COLLISION,36,21,False,129
A,NF-CLAD-26,CLAD,131,IK_FOUND_COLLISION,36,21,False,130
A,NF-CLAD-27,CLAD,132,IK_FOUND_COLLISION,36,21,False,131
A,NF-CLAD-28,CLAD,133,IK_FOUND_COLLISION,36,21,False,132
A,NF-CLAD-29,CLAD,134,IK_FOUND_COLLISION,36,27,False,133
A,NF-CLAD-30,CLAD,135,IK_FOUND_COLLISION,36,36,False,134
A,NF-CLAD-31,CLAD,136,IK_FOUND_COLLISION,36,41,False,135
A,NF-CLAD-32,CLAD,137,IK_FOUND_COLLISION,36,45,False,136
A,NF-CLAD-33,CLAD,138,IK_FOUND_COLLISION,36,56,False,137
A,NF-CLAD-34,CLAD,139,IK_FOUND_COLLISION,36,58,False,138
A,NF-CLAD-35,CLAD,140,IK_FOUND_COLLISION,36,55,False,139
A,NF-CLAD-36,CLAD,141,IK_FOUND_COLLISION,36,53,False,140
A,NF-CLAD-37,CLAD,142,IK_FOUND_COLLISION,36,52,False,141
A,NF-CLAD-38,CLAD,143,IK_FOUND_COLLISION,36,49,False,142
A,NF-CLAD-39,CLAD,144,IK_FOUND_COLLISION,36,42,False,143
A,NF-CLAD-40,CLAD,145,IK_FOUND_COLLISION,36,33,False,144
A,NF-CLAD-41,CLAD,146,IK_FOUND_COLLISION,36,17,False,145
A,NF-CLAD-42,CLAD,147,IK_FOUND_COLLISION,36,14,False,146
A,NF-CLAD-43,CLAD,148,NO_IK_IN_CANDIDATES,36,0,False,147
A,NF-CLAD-44,CLAD,149,NO_IK_IN_CANDIDATES,36,0,False,148
A,NF-CLAD-45,CLAD,150,NO_IK_IN_CANDIDATES,36,0,False,149
A,NF-CLAD-46,CLAD,151,NO_IK_IN_CANDIDATES,36,0,False,150
A,NF-CLAD-47,CLAD,152,NO_IK_IN_CANDIDATES,36,0,False,151
A,NF-CLAD-48,CLAD,153,NO_IK_IN_CANDIDATES,36,0,False,152
A,NF-CLAD-49,CLAD,154,NO_IK_IN_CANDIDATES,36,0,False,153
A,NF-CLAD-50,CLAD,155,NO_IK_IN_CANDIDATES,36,0,False,154
B,NF-BASE-01,BASE,1,NO_IK_IN_CANDIDATES,36,0,False,0
B,NF-BASE-04,BASE,2,CLEAR_ENDPOINT_ONLY,10,1,True,1
B,NF-BASE-02,BASE,3,CLEAR_ENDPOINT_ONLY,10,2,True,2
B,NF-BASE-03,BASE,4,CLEAR_ENDPOINT_ONLY,10,2,True,3
B,NF-LP-01,LP,5,CLEAR_ENDPOINT_ONLY,19,1,True,4
B,NF-LP-02,LP,6,CLEAR_ENDPOINT_ONLY,19,1,True,5
B,NF-LP-03,LP,7,CLEAR_ENDPOINT_ONLY,5,2,True,6
B,NF-LP-04,LP,8,CLEAR_ENDPOINT_ONLY,5,2,True,7
B,NF-LS-01,LS,9,CLEAR_ENDPOINT_ONLY,2,4,True,8
B,NF-LS-02,LS,10,CLEAR_ENDPOINT_ONLY,3,6,True,9
B,NF-LS-03,LS,11,CLEAR_ENDPOINT_ONLY,29,1,True,10
B,NF-LS-04,LS,12,CLEAR_ENDPOINT_ONLY,4,6,True,11
B,NF-LB-01,LB,13,CLEAR_ENDPOINT_ONLY,24,3,True,12
B,NF-LB-02,LB,14,CLEAR_ENDPOINT_ONLY,1,2,True,13
B,NF-LB-03,LB,15,CLEAR_ENDPOINT_ONLY,19,5,True,14
B,NF-LB-04,LB,16,CLEAR_ENDPOINT_ONLY,19,2,True,15
B,NF-LB-05,LB,17,CLEAR_ENDPOINT_ONLY,3,7,True,16
B,NF-LB-06,LB,18,CLEAR_ENDPOINT_ONLY,14,2,True,17
B,NF-LB-07,LB,19,NO_IK_IN_CANDIDATES,36,0,False,18
B,NF-FB-01,FB,20,CLEAR_ENDPOINT_ONLY,38,20,True,19
B,NF-FB-02,FB,21,CLEAR_ENDPOINT_ONLY,40,5,True,20
B,NF-FJ-01,FJ,22,CLEAR_ENDPOINT_ONLY,37,37,True,21
B,NF-FJ-02,FJ,23,CLEAR_ENDPOINT_ONLY,37,37,True,22
B,NF-FJ-03,FJ,24,CLEAR_ENDPOINT_ONLY,37,37,True,23
B,NF-FJ-04,FJ,25,CLEAR_ENDPOINT_ONLY,21,22,True,24
B,NF-FJ-05,FJ,26,CLEAR_ENDPOINT_ONLY,19,16,True,25
B,NF-FJ-06,FJ,27,CLEAR_ENDPOINT_ONLY,1,3,True,26
B,NF-FJ-07,FJ,28,CLEAR_ENDPOINT_ONLY,21,22,True,27
B,NF-FE-01,FE,29,CLEAR_ENDPOINT_ONLY,38,22,True,28
B,NF-FE-02,FE,30,IK_FOUND_COLLISION,108,16,False,29
B,NF-UP-01,UP,31,CLEAR_ENDPOINT_ONLY,4,1,True,30
B,NF-UP-02,UP,32,CLEAR_ENDPOINT_ONLY,4,1,True,31
B,NF-UP-03,UP,33,IK_FOUND_COLLISION,108,12,False,32
B,NF-UP-04,UP,34,CLEAR_ENDPOINT_ONLY,2,8,True,33
B,NF-UP-05,UP,35,CLEAR_ENDPOINT_ONLY,2,8,True,34
B,NF-UP-06,UP,36,IK_FOUND_COLLISION,108,12,False,35
B,NF-DECK-01,DECK,37,CLEAR_ENDPOINT_ONLY,14,34,True,36
B,NF-DECK-02,DECK,38,IK_FOUND_COLLISION,108,151,False,37
B,NF-DECK-03,DECK,39,IK_FOUND_COLLISION,108,144,False,38
B,NF-DECK-04,DECK,40,IK_FOUND_COLLISION,108,133,False,39
B,NF-DECK-05,DECK,41,IK_FOUND_COLLISION,108,120,False,40
B,NF-DECK-06,DECK,42,IK_FOUND_COLLISION,108,154,False,41
B,NF-DECK-07,DECK,43,IK_FOUND_COLLISION,108,119,False,42
B,NF-DECK-08,DECK,44,IK_FOUND_COLLISION,108,35,False,43
B,NF-DECK-09,DECK,45,IK_FOUND_COLLISION,108,50,False,44
B,NF-DECK-10,DECK,46,IK_FOUND_COLLISION,108,86,False,45
B,NF-DECK-11,DECK,47,IK_FOUND_COLLISION,108,123,False,46
B,NF-DECK-12,DECK,48,IK_FOUND_COLLISION,108,112,False,47
B,NF-DECK-13,DECK,49,IK_FOUND_COLLISION,108,22,False,48
B,NF-DECK-14,DECK,50,IK_FOUND_COLLISION,108,113,False,49
B,NF-RAIL-01,RAIL,51,IK_FOUND_COLLISION,108,101,False,50
B,NF-RAIL-02,RAIL,52,IK_FOUND_COLLISION,108,213,False,51
B,NF-RAIL-03,RAIL,53,IK_FOUND_COLLISION,108,101,False,52
B,NF-RAIL-04,RAIL,54,IK_FOUND_COLLISION,108,213,False,53
B,NF-UB-01,UB,55,CLEAR_ENDPOINT_ONLY,28,26,True,54
B,NF-UB-02,UB,56,CLEAR_ENDPOINT_ONLY,5,6,True,55
B,NF-UB-03,UB,57,CLEAR_ENDPOINT_ONLY,36,4,True,56
B,NF-UB-04,UB,58,IK_FOUND_COLLISION,108,17,False,57
B,NF-UB-05,UB,59,CLEAR_ENDPOINT_ONLY,26,36,True,58
B,NF-UB-06,UB,60,CLEAR_ENDPOINT_ONLY,63,11,True,59
B,NF-UB-07,UB,61,CLEAR_ENDPOINT_ONLY,35,2,True,60
B,NF-UB-08,UB,62,CLEAR_ENDPOINT_ONLY,26,36,True,61
B,NF-PLATE-01,PLATE,63,CLEAR_ENDPOINT_ONLY,13,10,True,62
B,NF-PLATE-02,PLATE,64,CLEAR_ENDPOINT_ONLY,13,10,True,63
B,NF-PURLIN-01,PURLIN,65,CLEAR_ENDPOINT_ONLY,4,2,True,64
B,NF-PURLIN-02,PURLIN,66,CLEAR_ENDPOINT_ONLY,31,1,True,65
B,NF-PURLIN-03,PURLIN,67,CLEAR_ENDPOINT_ONLY,4,2,True,66
B,NF-RAF-01,RAF,68,CLEAR_ENDPOINT_ONLY,79,5,True,67
B,NF-RAF-02,RAF,69,CLEAR_ENDPOINT_ONLY,52,2,True,68
B,NF-RAF-03,RAF,70,CLEAR_ENDPOINT_ONLY,52,2,True,69
B,NF-RAF-04,RAF,71,CLEAR_ENDPOINT_ONLY,52,2,True,70
B,NF-RAF-05,RAF,72,CLEAR_ENDPOINT_ONLY,52,2,True,71
B,NF-RAF-06,RAF,73,CLEAR_ENDPOINT_ONLY,52,2,True,72
B,NF-RAF-07,RAF,74,CLEAR_ENDPOINT_ONLY,52,2,True,73
B,NF-RAF-08,RAF,75,CLEAR_ENDPOINT_ONLY,88,14,True,74
B,NF-RAF-09,RAF,76,CLEAR_ENDPOINT_ONLY,52,2,True,75
B,NF-RAF-10,RAF,77,CLEAR_ENDPOINT_ONLY,52,2,True,76
B,NF-RAF-11,RAF,78,CLEAR_ENDPOINT_ONLY,32,3,True,77
B,NF-RAF-12,RAF,79,CLEAR_ENDPOINT_ONLY,32,3,True,78
B,NF-RAF-13,RAF,80,CLEAR_ENDPOINT_ONLY,32,3,True,79
B,NF-RAF-14,RAF,81,CLEAR_ENDPOINT_ONLY,32,3,True,80
B,NF-RAF-15,RAF,82,CLEAR_ENDPOINT_ONLY,32,3,True,81
B,NF-RAF-16,RAF,83,CLEAR_ENDPOINT_ONLY,32,3,True,82
B,NF-RAF-17,RAF,84,CLEAR_ENDPOINT_ONLY,32,3,True,83
B,NF-RAF-18,RAF,85,CLEAR_ENDPOINT_ONLY,32,3,True,84
B,NF-RAF-19,RAF,86,CLEAR_ENDPOINT_ONLY,32,3,True,85
B,NF-RAF-20,RAF,87,CLEAR_ENDPOINT_ONLY,32,3,True,86
B,NF-BATTEN-01,BATTEN,88,CLEAR_ENDPOINT_ONLY,28,13,True,87
B,NF-BATTEN-02,BATTEN,89,IK_FOUND_COLLISION,108,49,False,88
B,NF-BATTEN-03,BATTEN,90,IK_FOUND_COLLISION,108,81,False,89
B,NF-BATTEN-04,BATTEN,91,IK_FOUND_COLLISION,108,107,False,90
B,NF-BATTEN-05,BATTEN,92,IK_FOUND_COLLISION,72,46,False,91
B,NF-BATTEN-06,BATTEN,93,IK_FOUND_COLLISION,72,45,False,92
B,NF-BATTEN-07,BATTEN,94,IK_FOUND_COLLISION,108,53,False,93
B,NF-BATTEN-08,BATTEN,95,IK_FOUND_COLLISION,108,57,False,94
B,NF-BATTEN-09,BATTEN,96,NO_IK_IN_CANDIDATES,108,0,False,95
B,NF-BATTEN-10,BATTEN,97,NO_IK_IN_CANDIDATES,108,0,False,96
B,NF-COVER-01,COVER,98,NO_CLAMP_GRASP,0,0,False,
B,NF-COVER-02,COVER,99,NO_CLAMP_GRASP,0,0,False,
B,NF-COVER-03,COVER,100,NO_CLAMP_GRASP,0,0,False,
B,NF-COVER-04,COVER,101,NO_CLAMP_GRASP,0,0,False,
B,NF-COVER-05,COVER,102,NO_CLAMP_GRASP,0,0,False,
B,NF-COVER-06,COVER,103,NO_CLAMP_GRASP,0,0,False,
B,NF-COVER-07,COVER,104,NO_CLAMP_GRASP,0,0,False,
B,NF-COVER-08,COVER,105,NO_CLAMP_GRASP,0,0,False,
B,NF-CLAD-01,CLAD,106,IK_FOUND_COLLISION,36,14,False,105
B,NF-CLAD-02,CLAD,107,IK_FOUND_COLLISION,36,17,False,106
B,NF-CLAD-03,CLAD,108,IK_FOUND_COLLISION,36,33,False,107
B,NF-CLAD-04,CLAD,109,IK_FOUND_COLLISION,36,42,False,108
B,NF-CLAD-05,CLAD,110,IK_FOUND_COLLISION,36,49,False,109
B,NF-CLAD-06,CLAD,111,IK_FOUND_COLLISION,36,52,False,110
B,NF-CLAD-07,CLAD,112,IK_FOUND_COLLISION,36,53,False,111
B,NF-CLAD-08,CLAD,113,IK_FOUND_COLLISION,36,55,False,112
B,NF-CLAD-09,CLAD,114,IK_FOUND_COLLISION,36,58,False,113
B,NF-CLAD-10,CLAD,115,IK_FOUND_COLLISION,36,56,False,114
B,NF-CLAD-11,CLAD,116,IK_FOUND_COLLISION,36,45,False,115
B,NF-CLAD-12,CLAD,117,IK_FOUND_COLLISION,36,41,False,116
B,NF-CLAD-13,CLAD,118,IK_FOUND_COLLISION,36,36,False,117
B,NF-CLAD-14,CLAD,119,IK_FOUND_COLLISION,36,27,False,118
B,NF-CLAD-15,CLAD,120,IK_FOUND_COLLISION,36,21,False,119
B,NF-CLAD-16,CLAD,121,IK_FOUND_COLLISION,36,21,False,120
B,NF-CLAD-17,CLAD,122,IK_FOUND_COLLISION,36,21,False,121
B,NF-CLAD-18,CLAD,123,IK_FOUND_COLLISION,36,21,False,122
B,NF-CLAD-19,CLAD,124,IK_FOUND_COLLISION,36,21,False,123
B,NF-CLAD-20,CLAD,125,IK_FOUND_COLLISION,36,21,False,124
B,NF-CLAD-21,CLAD,126,IK_FOUND_COLLISION,36,21,False,125
B,NF-CLAD-22,CLAD,127,IK_FOUND_COLLISION,36,21,False,126
B,NF-CLAD-23,CLAD,128,IK_FOUND_COLLISION,36,21,False,127
B,NF-CLAD-24,CLAD,129,IK_FOUND_COLLISION,36,21,False,128
B,NF-CLAD-25,CLAD,130,IK_FOUND_COLLISION,36,21,False,129
B,NF-CLAD-26,CLAD,131,IK_FOUND_COLLISION,36,21,False,130
B,NF-CLAD-27,CLAD,132,IK_FOUND_COLLISION,36,21,False,131
B,NF-CLAD-28,CLAD,133,IK_FOUND_COLLISION,36,21,False,132
B,NF-CLAD-29,CLAD,134,IK_FOUND_COLLISION,36,27,False,133
B,NF-CLAD-30,CLAD,135,IK_FOUND_COLLISION,36,36,False,134
B,NF-CLAD-31,CLAD,136,IK_FOUND_COLLISION,36,41,False,135
B,NF-CLAD-32,CLAD,137,IK_FOUND_COLLISION,36,45,False,136
B,NF-CLAD-33,CLAD,138,IK_FOUND_COLLISION,36,56,False,137
B,NF-CLAD-34,CLAD,139,IK_FOUND_COLLISION,36,58,False,138
B,NF-CLAD-35,CLAD,140,IK_FOUND_COLLISION,36,55,False,139
B,NF-CLAD-36,CLAD,141,IK_FOUND_COLLISION,36,53,False,140
B,NF-CLAD-37,CLAD,142,IK_FOUND_COLLISION,36,52,False,141
B,NF-CLAD-38,CLAD,143,IK_FOUND_COLLISION,36,49,False,142
B,NF-CLAD-39,CLAD,144,IK_FOUND_COLLISION,36,42,False,143
B,NF-CLAD-40,CLAD,145,IK_FOUND_COLLISION,36,33,False,144
B,NF-CLAD-41,CLAD,146,IK_FOUND_COLLISION,36,17,False,145
B,NF-CLAD-42,CLAD,147,IK_FOUND_COLLISION,36,14,False,146
B,NF-CLAD-43,CLAD,148,NO_IK_IN_CANDIDATES,36,0,False,147
B,NF-CLAD-44,CLAD,149,NO_IK_IN_CANDIDATES,36,0,False,148
B,NF-CLAD-45,CLAD,150,NO_IK_IN_CANDIDATES,36,0,False,149
B,NF-CLAD-46,CLAD,151,NO_IK_IN_CANDIDATES,36,0,False,150
B,NF-CLAD-47,CLAD,152,NO_IK_IN_CANDIDATES,36,0,False,151
B,NF-CLAD-48,CLAD,153,NO_IK_IN_CANDIDATES,36,0,False,152
B,NF-CLAD-49,CLAD,154,NO_IK_IN_CANDIDATES,36,0,False,153
B,NF-CLAD-50,CLAD,155,NO_IK_IN_CANDIDATES,36,0,False,154
