phase,planning_wall_s,validation_wall_s,simulation_duration_s,checked_states,tcp_translation_path_m,tcp_rotation_path_rad,member_center_path_m,arm_joint_path_rad_sum,rail_travel_m,lift_travel_m,success,failure_reason
HOME_TO_PICKUP_APPROACH,122.63157780000256,24.896753900000476,16.78047890022652,3392,5.015431904200966,2.302842417948071,0.0,8.815574892899999,1.1174127303999999,0.5109496524,True,
PICKUP_APPROACH_TO_GRASP,1.1183895000031043,1.3145804000014323,6.474932443774549,181,0.15000000126391405,0.0,0.0,0.2957071498999999,0.0,0.0,True,
GRASP,0.005135100000188686,0.879688699998951,1.2000000000001876,121,0.0,0.0,0.0,0.0,0.0,0.0,True,
EXTRACT_FROM_RACK,0.38527569999860134,4.112916699999914,5.624999999999481,564,0.30000000000000004,0.0,0.30000000000000004,0.0,0.0,0.3,True,
TRANSPORT_TO_TARGET_APPROACH,4.103523400000995,50.40463109999837,19.31249999999509,4830,3.12750652449322,4.911003350086077,3.12750652449322,8.860083148800001,2.575,0.44481497680000004,True,
VERTICAL_SEATING,0.7487756999980775,9.987954200001695,5.624999999999481,564,0.30000000000000004,0.0,0.30000000000000004,0.0,0.0,0.3,True,
FIXTURE_LOCK,0.010071000000607455,2.102061599998706,1.9999999999998863,121,0.0,0.0,0.0,0.0,0.0,0.0,True,
RELEASE,0.010421999999380205,2.1386205999988306,1.1999999999997613,121,0.0,0.0,0.0,0.0,0.0,0.0,True,
RETRACT_AFTER_RELEASE,2.590460899999016,8.291184499998053,15.217852870751102,487,0.2500000000173634,0.0,0.0,0.9851268486,0.0,0.0,True,
